Date,NVIDIA_Return,10YTRateChange,SOXReturn
2024-09-05,0.009415430000179859,-0.07600021362304688,0.002490039431865876
2024-09-06,-0.04085441497777331,-0.03699994087219238,-0.005959142542587226
2024-09-09,0.03539815116828926,-0.020999908447265625,-0.04516675253560476
2024-09-10,0.015309418642600603,-0.013000011444091797,0.02154479369017759
2024-09-11,0.08149874222088505,-0.051000118255615234,0.011866137012161326
2024-09-12,0.019161594136490212,0.0070002079010009766,0.04903144289825634
2024-09-13,-0.00033575866321489123,0.026999950408935547,-0.002388915384881618
2024-09-16,-0.01947938836881391,-0.029999971389770508,0.016750290694631742
2024-09-17,-0.010190209078769996,-0.029000043869018555,-0.014064939327712689
2024-09-18,-0.019205756603683177,0.020999908447265625,0.00033808706955174017
2024-09-19,0.0396930532573494,0.042999982833862305,-0.010751014340881992
2024-09-20,-0.01586485470608978,0.05500006675720215,0.042672872294993835
2024-09-23,0.0022413426370297973,-0.012000083923339844,-0.013142775805211393
2024-09-24,0.03965248512322783,0.01100015640258789,0.005149938140391441
2024-09-25,0.021841569047127862,-0.003000020980834961,0.013126187777370735
2024-09-26,0.004291226017026251,0.04499983787536621,0.008001177602724896
2024-09-27,-0.021283441613024756,0.009999990463256836,0.034676918899773757
2024-09-30,0.00032950812273724317,-0.04199981689453125,-0.017563321632850015
2024-10-01,-0.036561340179978696,0.05299997329711914,-0.008466163469955323
2024-10-02,0.015811972426736265,-0.05900001525878906,-0.02863297845178414
2024-10-03,0.033655865225834525,0.04200005531311035,0.01477833661141581
2024-10-04,0.01684977005144095,0.06499981880187988,0.005100753967045568
2024-10-07,0.022414343946945303,0.13100004196166992,0.015927129509747617
2024-10-08,0.040479232336097404,0.04500007629394531,-0.001928240422941263
2024-10-09,-0.0018061082685143504,0.006999969482421875,0.013335186186360648
2024-10-10,0.01628346409883097,0.03399991989135742,0.010596039507933863
2024-10-11,-7.402684737223275e-05,0.029000282287597656,-0.005253755510355673
2024-10-14,0.02425811501449293,-0.023000240325927734,0.007933599637483413
2024-10-15,-0.04686024223529539,0.02500009536743164,0.018041810925232937
2024-10-16,0.03130686349208345,-0.059999942779541016,-0.05283300941307301
2024-10-17,0.008915431934238383,-0.02200031280517578,0.0020698673960060088
2024-10-18,0.007814310159864446,0.08000040054321289,0.009494089562269048
2024-10-21,0.04137694730338537,-0.023000240325927734,0.0007320264430128454
2024-10-22,-0.0008353284265719685,0.10900020599365234,0.001265180336007754
2024-10-23,-0.028065807600808568,0.021999835968017578,-0.0046977974393184185
2024-10-24,0.006090603350702439,0.03800010681152344,-0.011431932085699259
2024-10-25,0.008047842978899267,-0.04200029373168945,0.005113594516571673
2024-10-28,-0.007206719865421318,0.032000064849853516,0.010706551349856985
2024-10-29,0.005195247287854476,0.046000003814697266,-0.00022255784911706655
2024-10-30,-0.013522071201584773,-0.0039997100830078125,0.02312118798894458
2024-10-31,-0.04722271059707872,-0.008000373840332031,-0.03350975121159849
2024-11-01,0.019885262851810692,0.018000125885009766,-0.04011654722773972
2024-11-04,0.004800824043263541,0.07700014114379883,0.011053757675494102
2024-11-05,0.02837199934443646,-0.05200004577636719,-0.005484466406044608
2024-11-06,0.040740316759291684,-0.019999980926513672,0.01685365462907118
2024-11-07,0.02245741911912802,0.13700008392333984,0.031187237146611757
2024-11-08,-0.008396207715243742,-0.08500003814697266,0.022705172042057464
2024-11-11,-0.016053544596601355,-0.034999847412109375,-0.00814966149799179
2024-11-12,0.020859013048837527,0.0019998550415039062,-0.025352873123497655
2024-11-13,-0.013622041701625176,0.12400007247924805,-0.009260354382414016
2024-11-14,0.00335001777244881,0.01900005340576172,-0.02003470491503223
2024-11-15,-0.032570045142916504,-0.03299999237060547,-0.00033961182816699687
2024-11-18,-0.012889163249566571,0.009999752044677734,-0.03416863426151773
2024-11-19,0.048947602982201355,-0.01399993896484375,0.011415982233701438
2024-11-20,-0.007618549024332788,-0.034999847412109375,0.006216315473490885
2024-11-21,0.005346563963976703,0.026999950408935547,-0.007096771631971643
2024-11-22,-0.03218125759989665,0.026000022888183594,0.016133450312228126
2024-11-25,-0.04177514967452134,-0.02200031280517578,-0.0014607953345848745
2024-11-26,0.00661674325584527,-0.14499998092651367,0.0064813185466288115
2024-11-27,-0.011539657989209084,0.037000179290771484,-0.012101209367162413
2024-11-29,0.02150148970082344,-0.059999942779541016,-0.015129251005014721
2024-12-02,0.002748441392856016,-0.06400012969970703,0.015155603743005841
2024-12-03,0.011757915070982117,0.018000125885009766,0.026135835977558974
2024-12-04,0.03479234207818971,0.026999950408935547,-0.0038494025332032056
2024-12-05,-0.00048193897622772486,-0.043000221252441406,0.017061618910701126
2024-12-06,-0.01806156791968716,0.0,-0.0186282253378528
2024-12-09,-0.025484530835496955,-0.028999805450439453,0.006949286798550558
2024-12-10,-0.02694307306061494,0.04799985885620117,-0.008389141638710296
2024-12-11,0.031390984333980354,0.02200031280517578,-0.024734729997828442
2024-12-12,-0.014141191427792577,0.04999971389770508,0.027192596903578448
2024-12-13,-0.022498770764182496,0.05299997329711914,-0.00907153527448068
2024-12-16,-0.016759991476465563,0.07500028610229492,0.033637786941277614
2024-12-17,-0.01219690084916969,-0.0020003318786621094,0.02063782877548337
2024-12-18,-0.011350490096976307,-0.01199960708618164,-0.016413438691629256
2024-12-19,0.013730422811670584,0.10899972915649414,-0.03845611854476838
2024-12-20,0.030762306185414534,0.07600021362304688,-0.015592451776015981
2024-12-23,0.03689667123676976,-0.046000003814697266,0.014599034686988643
2024-12-24,0.003937958121885465,0.07499980926513672,0.030985423483714136
2024-12-26,-0.002068276895827892,-0.007999897003173828,0.010707703754578857
2024-12-27,-0.02086760667728471,-0.012000083923339844,0.00033825837144640936
2024-12-30,0.0035034647616871695,0.039999961853027344,-0.010113373528816583
2024-12-31,-0.023274481452760343,-0.07399988174438477,-0.01882900840205104
2025-01-02,0.02993512298548051,0.0279998779296875,-0.009266785904266217
2025-01-03,0.04453778216537496,0.0019998550415039062,0.008347471300082843
2025-01-06,0.03433240961951434,0.021000385284423828,0.028308254972368774
2025-01-07,-0.062169528063781176,0.021999835968017578,0.028369513260089407
2025-01-08,-0.00021405549675002078,0.06500005722045898,-0.018434567487561337
2025-01-10,-0.02997647612121257,0.009999752044677734,-0.009573581916398899
2025-01-13,-0.01971898132557659,0.08300018310546875,-0.024190510223085493
2025-01-14,-0.011033637137344954,0.026999950408935547,-0.003460104980847145
2025-01-15,0.03400128390325152,-0.014999866485595703,0.005161344540757673
2025-01-16,-0.01959763817496396,-0.13500022888183594,0.021347758577277887
2025-01-17,0.030994932836341693,-0.04699993133544922,0.0018026065315257522
2025-01-21,0.022656151514774958,0.0030002593994140625,0.028429481256493583
2025-01-22,0.04430887824759355,-0.03500032424926758,0.01294974190636533
2025-01-23,0.0010200533956441493,0.02500009536743164,0.01688017831412103
2025-01-24,-0.031245851205694786,0.03900003433227539,-0.004497859407811999
2025-01-27,-0.169681712016729,-0.012000083923339844,-0.018871598035105297
2025-01-28,0.0892585743856511,-0.09800004959106445,-0.09148356447126238
2025-01-29,-0.041010939378136047,0.023000240325927734,0.011083224440501471
2025-01-30,0.00767982708714765,0.0039997100830078125,0.0022560108629232634
2025-01-31,-0.036742788709824614,-0.0429997444152832,0.022860390245733164
2025-02-03,-0.028400036501678105,0.05699968338012695,-0.0029181195871885723
2025-02-04,0.01705803056289157,-0.02599954605102539,-0.01815047046661944
2025-02-05,0.05208596760241058,-0.03000020980834961,0.010514067454417741
2025-02-06,0.030841781986492567,-0.09100008010864258,0.023090140007079984
2025-02-07,0.009014683641714205,0.018000125885009766,0.00021405160561727143
2025-02-10,0.028727815581561567,0.04699993133544922,-0.016347281551089443
2025-02-11,-0.005764828232419084,0.006000041961669922,0.014638671044946427
2025-02-12,-0.012499939587135023,0.04400014877319336,-0.0005311592278757216
2025-02-13,0.031645473004664026,0.09999990463256836,0.0021298991453009286
2025-02-14,0.02631381871952132,-0.1119999885559082,0.012886034810488889
2025-02-18,0.003960994058729073,-0.05299997329711914,0.0008823623827647342
2025-02-19,-0.0012194569820763723,0.07200002670288086,0.016841878196961924
2025-02-20,0.006320622976546231,-0.009000301361083984,0.011781960596474628
2025-02-21,-0.04053964441074476,-0.034999847412109375,0.0001770237841800526
2025-02-24,-0.030870994283646036,-0.07999992370605469,-0.03277201441316202
2025-02-25,-0.028016674607738046,-0.026999950408935547,-0.025902361047843825
2025-02-26,0.036721224626113935,-0.0950002670288086,-0.022915806679840944
2025-02-27,-0.08478062880758996,-0.048999786376953125,0.020851390062708086
2025-02-28,0.03970030555524473,0.03599977493286133,-0.06092582680368519
2025-03-03,-0.08693563240438495,-0.053999900817871094,0.017069397770310024
2025-03-04,0.01692093873052891,-0.051000118255615234,-0.040148923860596875
2025-03-05,0.011294060111450621,0.03000020980834961,0.006368806826804185
2025-03-06,-0.05737425087857684,0.05499982833862305,0.02090999440511143
2025-03-07,0.0191734956034193,0.020999908447265625,-0.04529875608924616
2025-03-10,-0.050670109824213716,0.031000137329101562,0.03158299475460935
2025-03-11,0.01663860829926289,-0.10400009155273438,-0.048492416731706234
2025-03-12,0.06427592945435157,0.07500028610229492,-0.00704185853899475
2025-03-13,-0.0013823975547497813,0.029999732971191406,0.024450957485938618
2025-03-14,0.05269075080871022,-0.043999671936035156,-0.006199433395782106
2025-03-17,-0.017588588459607313,0.03399991989135742,0.032684022650291134
2025-03-18,-0.034300941316487976,-0.0019998550415039062,0.014173331512768339
2025-03-19,0.01810613756470869,-0.02500009536743164,-0.016067947743103383
2025-03-20,0.008594317626861026,-0.02500009536743164,0.009914949810780227
2025-03-21,-0.007002478113307897,-0.023000240325927734,-0.0071549152785587156
2025-03-24,0.031520908262874014,0.01900005340576172,-0.009436302833543797
2025-03-25,-0.0059303958635675835,0.07899999618530273,0.02989721556663638
2025-03-26,-0.057419787793092314,-0.023999691009521484,-0.007004437284339082
2025-03-27,-0.020481757950565616,0.03099966049194336,-0.03273728466282244
2025-03-28,-0.015794677691940984,0.031000137329101562,-0.02073533393257454
2025-03-31,-0.011762543009884885,-0.11399984359741211,-0.029520376818979677
2025-04-01,0.016331513496370187,-0.009000301361083984,-0.0033792961674189437
2025-04-02,0.0024510699831183924,-0.08999967575073242,0.0028169961013468914
2025-04-03,-0.07806540155258024,0.039999961853027344,0.008941131828846816
2025-04-04,-0.07357575069845246,-0.14100027084350586,-0.0988393354380026
2025-04-07,0.03530901116249785,-0.06999993324279785,-0.07602814650155743
2025-04-08,-0.013723752947877199,0.17000031471252441,0.02704258919388991
2025-04-09,0.18722741037576052,0.10699987411499023,-0.03572714421307854
2025-04-10,-0.059127169778110056,0.1380000114440918,0.18734816328191917
2025-04-11,0.031235575403224525,-0.006000041961669922,-0.07969604437323252
2025-04-14,-0.001983267984299708,0.0989999771118164,0.025068669840898172
2025-04-15,0.013458518216612925,-0.12900018692016602,0.00308704018162409
2025-04-16,-0.06871652057100186,-0.0409998893737793,0.0046637262033144555
2025-04-17,-0.02871097507287479,-0.04400014877319336,-0.040955862816407396
2025-04-21,-0.04512747781521664,0.0540003776550293,-0.00640364611156885
2025-04-22,0.020431219042711612,0.07200002670288086,-0.02102040177994402
2025-04-23,0.038628832694534765,-0.01600027084350586,0.021359824355082768
2025-04-24,0.0362184435452948,-0.0019998550415039062,0.039631495181885246
2025-04-25,0.04303307785020882,-0.0820002555847168,0.05629380708678977
2025-04-28,-0.020538693171568978,-0.03900003433227539,0.010317956765157454
2025-04-29,0.0026670386111387057,-0.04999971389770508,-0.003760868613991275
2025-04-30,-0.0009172729668814883,-0.043000221252441406,-0.009176960188136518
2025-05-01,0.024697079525506593,0.004000186920166016,0.007944205337463428
2025-05-02,0.02589380833985855,0.053999900817871094,0.00415364995756784
2025-05-05,-0.005938915876446016,0.09100008010864258,0.035169868337439514
2025-05-06,-0.0024599709338405384,0.020999908447265625,-0.009294784167029557
2025-05-07,0.031002236780898196,-0.034999847412109375,-0.010325555567885392
2025-05-08,0.002648315317192118,-0.03299999237060547,0.01743358335585299
2025-05-09,-0.006134460952795573,0.09800004959106445,0.010049352880049822
2025-05-12,0.05443625040959432,0.0019998550415039062,0.00813915978337465
2025-05-13,0.056341352608381357,0.0819997787475586,0.07039744224364708
2025-05-14,0.0416378587998012,0.04200029373168945,0.03146248038446209
2025-05-15,-0.003768334317651667,0.028999805450439453,0.005957776720509678
2025-05-16,0.004227632104436996,-0.07299995422363281,-0.005700730591584824
2025-05-19,0.0012557052375559152,-0.01399993896484375,-0.0020801535747894118
2025-05-20,-0.008777898540882845,0.03399991989135742,-0.004973392079574257
2025-05-21,-0.01919925661810129,0.006000041961669922,-0.0014149828872110914
2025-05-22,0.007814915604870576,0.11500024795532227,-0.018007317460100314
2025-05-23,-0.011593972827453003,-0.043000221252441406,-0.005671744976336823
2025-05-27,0.03206660382657289,-0.04400014877319336,-0.01530536863240417
2025-05-28,-0.005092413467707169,-0.07499980926513672,0.03375098671155752
2025-05-29,0.03249017885206107,0.043000221252441406,-0.005486407931606152
2025-05-30,-0.02916867791413702,-0.053000450134277344,0.005390524409315756
2025-06-02,0.01665067372753226,-0.007999897003173828,-0.02107197690075091
2025-06-03,0.027951771690326588,0.046000003814697266,0.01570597671077656
2025-06-04,0.004956588061752143,-0.0019998550415039062,0.027234809731778276
2025-06-05,-0.013599161571480667,-0.0950002670288086,0.013886834334076337
2025-06-06,0.012358068426231661,0.029000282287597656,-0.00445631147169645
2025-06-09,0.006421295463690413,0.11600017547607422,0.005416198450961307
2025-06-10,0.009324728528698367,-0.028000354766845703,0.01957104451108349
2025-06-11,-0.007780511518506894,-0.007999897003173828,0.020604797773358552
2025-06-12,0.015192782842466723,-0.06199979782104492,-0.0019018054065331746
2025-06-13,-0.020896557247146452,-0.05500030517578125,0.0031763062743852544
2025-06-16,0.01915899769365792,0.06699991226196289,-0.0260822553205462
2025-06-17,-0.003939580081545602,0.028000354766845703,0.030331041422871907
2025-06-18,0.00943675070108796,-0.05900001525878906,-0.008286959915382974
2025-06-20,-0.011204331756270225,0.0039997100830078125,0.005239653824277157
2025-06-23,0.0022244730485381226,-0.021999835968017578,-0.007529973017705194
2025-06-24,0.02587222201673911,-0.05499982833862305,0.006297601514684947
2025-06-25,0.04334009891237289,-0.026999950408935547,0.0376733443658972
2025-06-26,0.004601259796613855,0.0,0.009450737778096796
2025-06-27,0.017610501525841427,-0.04000043869018555,0.008767072244792562
2025-06-30,0.0015215188029467086,0.03000020980834961,0.0006370655860341579
2025-07-01,-0.029685420899917325,-0.05299997329711914,0.00027949637817070716
2025-07-02,0.02576648215453603,0.020999908447265625,-0.007038629269337959
2025-07-03,0.013290932058820593,0.04200029373168945,0.018801598672265163
2025-07-07,-0.006903504079208256,0.05499982833862305,0.006428442761257758
2025-07-08,0.01112225481221052,0.04699993133544922,-0.018756449247931406
2025-07-09,0.018000132164328386,0.019999980926513672,0.018050244713385455
2025-07-10,0.007490122703794899,-0.07299995422363281,0.004390897463295795
2025-07-11,0.004996856190037535,0.004000186920166016,0.007463752853770211
2025-07-14,-0.005153967733388165,0.07699966430664062,-0.002100413179628613
2025-07-15,0.04040960724382847,0.004000186920166016,-0.008702124343884066
2025-07-16,0.003925040155780657,0.06199979782104492,0.012731221966429507
2025-07-17,0.009511530259631584,-0.03399991989135742,-0.003917018799897143
2025-07-18,-0.0034103332904399375,0.007999897003173828,0.007273288039830517
2025-07-21,-0.005974105180302058,-0.03099966049194336,-0.0008749275680647317
2025-07-22,-0.025382243012400996,-0.059999942779541016,0.001186160001621639
2025-07-23,0.02245104655925889,-0.03600025177001953,-0.0175470626489026
2025-07-24,0.017332371507345457,0.05200004577636719,-0.00016314403141370892
2025-07-25,-0.0013814869492179138,0.019999980926513672,0.001167137846462607
2025-07-28,0.01873201512024436,-0.021999835968017578,0.0002639348701130029
2025-07-29,-0.007015597487604053,0.03399991989135742,0.01616055597985966
2025-07-30,0.021423315763210438,-0.09000015258789062,0.0004688677834554511
2025-07-31,-0.007809418417027092,0.046000003814697266,0.008280753273688157
2025-08-01,-0.02333167602752384,-0.015999794006347656,-0.03099878834983305
2025-08-04,0.036150068457843076,-0.1400003433227539,-0.014320828348579284
2025-08-05,-0.009666585149772255,-0.019999980926513672,0.017512142745777615
2025-08-06,0.006507207693143169,-0.0039997100830078125,-0.011151429767982668
2025-08-07,0.007524337408331361,0.023999691009521484,-0.0020479632699319517
2025-08-08,0.010676529865774276,0.024000167846679688,0.015026285707046672
2025-08-11,-0.003502989462430328,0.0409998893737793,0.007866912097244105
2025-08-12,0.006041988268502108,-0.012000083923339844,-0.0013472834399026468
2025-08-13,-0.008571768446215433,0.020000457763671875,0.029930978587810575
2025-08-14,0.0023679720733609244,-0.05500030517578125,0.008993015678937955
2025-08-15,-0.008625370141986166,0.05500030517578125,-0.0012082301512297278
2025-08-18,0.008644954100009095,0.034999847412109375,-0.022555470269011058
2025-08-19,-0.03499799073918386,0.013000011444091797,0.004097147317362104
2025-08-20,-0.001366455704626346,-0.03900003433227539,-0.018143121111172444
2025-08-21,-0.0023945695563264424,-0.006000041961669922,-0.0071744461506302315
2025-08-22,0.017201968244454635,0.03399991989135742,-0.00489450194716079
2025-08-25,0.01022530488477491,-0.06999969482421875,0.02698432727322153
2025-08-26,0.010900419888796753,0.014999866485595703,0.00031972483299713694
2025-08-27,-0.0009352225175625062,-0.017000198364257812,0.008967586633598312
2025-08-28,-0.007874463590449854,-0.019999980926513672,0.002873652121715642
2025-08-29,-0.03324642068345807,-0.031000137329101562,0.0048827204008181635
2025-09-02,-0.01952003517230927,0.020000457763671875,-0.0314553727415412
2025-09-03,-0.0009368051517751885,0.04999971389770508,-0.011197857293404834
2025-09-04,0.0060953462381614365,-0.06599998474121094,-0.002254968692459669
2025-09-05,-0.027030125467447763,-0.034999847412109375,0.01341721017679709
2025-09-08,0.007723626471741962,-0.09000015258789062,0.016503590653059508
2025-09-09,0.014556415107065845,-0.039999961853027344,0.008367751198435025
2025-09-10,0.038475159631647715,0.0279998779296875,0.0017591912510932506
2025-09-11,-0.0008460248549849725,-0.04199981689453125,0.023756667079452454
2025-09-12,0.0036687807745676704,-0.020999908447265625,0.006260444865207493
2025-09-15,-0.00039368431381092694,0.04999971389770508,0.0010591633757675023
2025-09-16,-0.016146210499489166,-0.026999950408935547,0.009678833385238894
2025-09-17,-0.02624656254660329,-0.007999897003173828,0.003199782249463601
2025-09-18,0.03494044003585173,0.05000019073486328,-0.0031254008455898763
2025-09-19,0.0024397172760990404,0.0279998779296875,0.035962379860790206
2025-09-22,0.03928241078649575,0.034999847412109375,-0.00731267682050063
2025-09-23,-0.02821204789120879,0.004000186920166016,0.015703817591961267
2025-09-24,-0.008182508094013552,-0.023000240325927734,-0.003461254422409743
2025-09-25,0.004068588702951903,0.026999950408935547,-0.0017770430925596603
2025-09-26,0.0028138668279011902,0.02500009536743164,-0.0019580876806415404
2025-09-29,0.02053993896073769,0.014999866485595703,0.0032427928699267916
2025-09-30,0.026010326197546618,-0.046000003814697266,0.0015955557696420986
2025-10-01,0.003537466147390589,0.006999969482421875,0.00866334270059288
2025-10-02,0.008812165089625124,-0.04199981689453125,0.02048094993856453
2025-10-03,-0.006723594708770597,-0.018000125885009766,0.019399180008252248
2025-10-06,-0.011086219191363433,0.031000137329101562,-0.006434833075009583
2025-10-07,-0.0026948154076972264,0.043000221252441406,0.028907553676716047
2025-10-08,0.021995264931179426,-0.03500032424926758,-0.02056378180350349
2025-10-09,0.0182962524780399,0.0020003318786621094,0.03397868764676559
2025-10-10,-0.04886532988389891,0.018999576568603516,-0.0029153668159226376
2025-10-13,0.028172088682583807,-0.0969996452331543,-0.06324377727317176
2025-10-14,-0.04402086350832335,0.0,0.04929616586138663
2025-10-15,-0.0011108832013667636,-0.029000282287597656,-0.02277694878169534
2025-10-16,0.01101039928627312,0.024000167846679688,0.02994217613567618
2025-10-17,0.007755344299286593,-0.06999993324279785,0.004870647024278085
2025-10-20,-0.0031655547088021985,0.03099989891052246,-0.0032411726729032475
2025-10-21,-0.008103394868217983,-0.020999908447265625,0.015793762300268188
2025-10-22,-0.004857650244628253,-0.023000001907348633,-0.0066462698133354925
2025-10-23,0.010428245272369407,-0.009999990463256836,-0.02364290265638358
2025-10-24,0.022507573914282597,0.037999868392944336,0.02543145440188166
2025-10-27,0.02807914078902085,0.006000041961669922,0.01891958864630716
2025-10-28,0.04981991068259206,0.0,0.027381637317633878
2025-10-29,0.0298959843276152,-0.01399993896484375,0.0037290813508943366
2025-10-30,-0.020044438573744605,0.07500004768371582,0.01851641213711841
2025-10-31,-0.0019715110218919696,0.034999847412109375,-0.01527445992200882
2025-11-03,0.021680040134361755,0.007999897003173828,0.001754456243070912
2025-11-04,-0.03958815778988811,0.005000114440917969,0.005853098316866978
2025-11-05,-0.01751466251475131,-0.01699972152709961,-0.04007723618920944
2025-11-06,-0.036524729969592995,0.06799983978271484,0.03018813488782368
2025-11-07,0.0003720458402716176,-0.06400012969970703,-0.02390451017077455
2025-11-10,0.05793262806792199,0.0,-0.010120593477111584
2025-11-11,-0.029590603550341266,0.017000198364257812,0.030168342529511616
2025-11-12,0.0033132668539088694,0.009999752044677734,-0.024766135736991934
2025-11-13,-0.035810076045957095,-0.05499982833862305,0.014675370665460763
2025-11-14,0.01771372748265021,0.04699993133544922,-0.03719073962152486
2025-11-17,-0.01877255795624766,0.03599977493286133,-0.0011057818311495105
2025-11-18,-0.02808152100624217,-0.014999866485595703,-0.015483315408946319
2025-11-19,0.028451698075282472,-0.009999752044677734,-0.02307134541622602
2025-11-20,-0.03152478448099327,0.009999752044677734,0.018165083033149676
2025-11-21,-0.009743183463424843,-0.026999950408935547,-0.0476699461890111
2025-11-24,0.020516570258006794,-0.0429997444152832,0.008557895783078306
2025-11-25,-0.02591067541754899,-0.02500009536743164,0.046323773363386334
2025-11-26,0.013721642507320553,-0.03600025177001953,0.0016380206690571608
2025-11-28,-0.018084887277757256,-0.003999948501586914,0.027595295375684614
2025-12-01,0.016497230579703537,0.01900029182434082,0.01821735934665414
2025-12-02,0.008559369400260808,0.07899999618530273,-0.0006576538937566045
2025-12-03,-0.010305367131387855,-0.010000228881835938,0.018366196516981237
2025-12-04,0.02116044945059037,-0.028999805450439453,0.01832856796985949
2025-12-05,-0.005289522900729926,0.05099964141845703,-0.008864702178681738
2025-12-08,0.017214022376646154,0.031000137329101562,0.010929871736999441
2025-12-09,-0.003125876875773148,0.03299999237060547,0.01101879860496413
2025-12-10,-0.006433489130266867,0.01399993896484375,-0.00036750756449210886
2025-12-11,-0.015507749510496383,-0.021999835968017578,0.01288305770619047
2025-12-12,-0.03266449001911087,-0.023000240325927734,-0.007500545986443896
2025-12-15,0.007256197507397255,0.05299997329711914,-0.05098983701580462
2025-12-16,0.008111694452662688,-0.01199960708618164,-0.006136239356029138
2025-12-17,-0.038149918132835525,-0.03299999237060547,-0.004573439058531692
2025-12-18,0.018720044443348183,0.0019998550415039062,-0.037814493626185275
2025-12-19,0.039336279676618124,-0.034999847412109375,0.025139959575539494
2025-12-22,0.014917895904012823,0.034999847412109375,0.029756883436626858
2025-12-23,0.03005070925675346,0.018000125885009766,0.010993369394593389
2025-12-24,-0.0031711845381520165,0.0,0.0054537588747178845
2025-12-26,0.010179749413702144,-0.03299999237060547,0.002760104059158053
2025-12-29,-0.012124095818556446,0.0,0.0004538938835816353
2025-12-30,-0.00361277804937421,-0.019999980926513672,-0.004074858987184515
2025-12-31,-0.005545531645618107,0.01399993896484375,-0.0012774556891911315
2026-01-02,0.012600619910229538,0.03299999237060547,-0.011991772143320478
2026-01-05,-0.0038655016095672234,0.023999691009521484,0.04014331753554501
2026-01-06,-0.004677830570294028,-0.021999835968017578,0.010720094980448458
2026-01-07,0.009987097761727348,0.01399993896484375,0.02746006151998026
2026-01-08,-0.021521899209228312,-0.0409998893737793,-0.009941282542940355
2026-01-09,-0.0009727536507572188,0.04500007629394531,-0.018319788641178003
2026-01-12,0.00043280183361860125,-0.012000083923339844,0.027256180637466265
2026-01-13,0.004704239730442428,0.015999794006347656,0.004720656912223342
2026-01-14,-0.014369520514437517,-0.015999794006347656,0.009531194411121158
2026-01-15,0.021349736670481123,-0.031000137329101562,-0.006004140186555484
2026-01-16,-0.004383850305160086,0.019999980926513672,0.017636838948224876
2026-01-20,-0.04381668070971212,0.0710000991821289,0.011497627219594797
2026-01-21,0.02948279737606585,0.06400012969970703,-0.0168050109957687
2026-01-22,0.008291397296120495,-0.04200029373168945,0.031803161672472324
2026-01-23,0.015310543910665775,-0.0039997100830078125,0.0016289460229255148
2026-01-26,-0.006394170442939551,-0.010000228881835938,-0.01207171878890867
2026-01-27,0.010993714284356582,-0.026000022888183594,-0.003881679788138803
2026-01-28,0.015913391112786668,0.010000228881835938,0.023986271771277323
2026-01-29,0.005169204870006494,0.0279998779296875,0.023352944555712796
2026-01-30,-0.007168418675203125,-0.023999691009521484,0.001643173336035808
2026-02-02,-0.028880943472342824,0.01399993896484375,-0.03869042763570618
2026-02-03,-0.028392869459833103,0.03399991989135742,0.01700575433522533
2026-02-04,-0.03410213375324578,-0.0009999275207519531,-0.020672488552433643
2026-02-05,-0.013261403233346236,0.0009999275207519531,-0.04357965568465527
2026-02-06,0.07871771529462501,-0.06500005722045898,-0.0005932438009643715
2026-02-09,0.02497159743538102,-0.004000186920166016,0.05699284177279029
2026-02-10,-0.007893055623999112,-0.007999897003173828,0.014158943928058276
2026-02-11,0.008009007297158588,-0.051000118255615234,-0.006793219151515761
2026-02-12,-0.01636413987360874,0.02500009536743164,0.022786173580571
2026-02-13,-0.022092733992482794,-0.06799983978271484,-0.02498355585679435
2026-02-17,0.011815603840902744,-0.04799985885620117,0.006575341903163112
2026-02-18,0.01627282163254007,-0.004000186920166016,-0.00022242439955466597
2026-02-19,-0.0004255371370144312,0.026999950408935547,0.00962381088699682
2026-02-20,0.010218296081220712,-0.004000186920166016,-0.004997328655290012
2026-02-23,0.009113803019584088,0.01100015640258789,0.010659111897196594
2026-02-24,0.006786818574511244,-0.057000160217285156,-0.005684936284309439
2026-02-25,0.014052276035389388,0.004000186920166016,0.014473788559009604
2026-02-26,-0.05456124072866231,0.014999866485595703,0.016212714109510307
2026-02-27,-0.041646346652961186,-0.03099966049194336,-0.031906957819069603
2026-03-02,0.029854947906472917,-0.05500030517578125,-0.012063744625025907
2026-03-03,-0.013316571281988043,0.08599996566772461,0.004814517678193075
2026-03-04,0.016606504566419655,0.008000373840332031,-0.04577405776897203
2026-03-05,0.001638915171032762,0.023999691009521484,0.0192662475033758
2026-03-06,-0.030107830089031284,0.06599998474121094,-0.011715263046032542
2026-03-09,0.027162187518686487,-0.013000011444091797,-0.03925197659474111
2026-03-10,0.011606893122936501,0.0030002593994140625,0.039343963829421735
2026-03-11,0.006873796699033097,0.0,0.00700607081941218
2026-03-12,-0.015535083686109119,0.07200002670288086,0.0062872157442566134
2026-03-13,-0.015780314308353027,0.06499958038330078,-0.034291175436125476
2026-03-16,0.01647717218041489,0.012000083923339844,0.0004540282211726865
2026-03-17,-0.007040797336696936,-0.06500005722045898,0.019564160857770574
2026-03-18,-0.008409798772097021,-0.017999649047851562,0.005206335686146701
2026-03-19,-0.010199568445272478,0.05699968338012695,-0.005321053907867412
2026-03-20,-0.03281811115811839,0.02200031280517578,0.008745193845365984
2026-03-23,0.0170237820072745,0.1099996566772461,-0.024504971982803325
2026-03-24,-0.00250518750288653,-0.05699968338012695,0.013365302284764402
2026-03-25,0.019863034004328428,0.05800008773803711,0.01281080846792304
2026-03-26,-0.04163858095780393,-0.06400012969970703,0.012072086935002835
2026-03-27,-0.021723974181843797,0.08799982070922852,-0.04792819589124908
2026-03-30,-0.014028147487508913,0.024000167846679688,-0.016899866901495364
2026-03-31,0.05588180888236938,-0.09800004959106445,-0.042283963631192356
2026-04-01,0.007740860269023653,-0.031000137329101562,0.06242642279346322
2026-04-02,0.009331356375359201,0.007999897003173828,0.028216159006125396
2026-04-06,0.0014093304479019242,-0.005999565124511719,0.003983445657964824
2026-04-07,0.00258955293576979,0.021999835968017578,0.01055988851809575
2026-04-08,0.0223470271240227,0.007999897003173828,0.01108628548895263
2026-04-09,0.010050504643715596,-0.05200004577636719,0.06335057881544848
2026-04-10,0.025664741901011645,0.0020003318786621094,0.020986021863915072
2026-04-13,0.003604892099032586,0.023999691009521484,0.023050705663548277
2026-04-14,0.038032865411783634,-0.019999980926513672,0.016838280575613762
2026-04-15,0.01200957407583192,-0.0409998893737793,0.020421504184965578
2026-04-16,-0.002614769796708716,0.026000022888183594,0.0016445928372867957
2026-04-17,0.016788441530004805,0.026999950408935547,0.009747455695376939
2026-04-20,0.00188419663120043,-0.06300020217895508,0.02428146472395687
2026-04-21,-0.010788787118989118,0.004000186920166016,0.0045343891568723205
2026-04-22,0.013107830909409257,0.04199981689453125,0.005000411512544156
2026-04-23,-0.014123474389033275,0.0020003318786621094,0.027164285982538505
2026-04-24,0.043227788976992976,0.028999805450439453,0.01708509196526453
2026-04-27,0.04004417714781017,-0.013000011444091797,0.043169797923657605
2026-04-28,-0.01588104908680843,0.026000022888183594,-0.01004598927659961
2026-04-29,-0.018389075111261644,0.018000125885009766,-0.03578579247770164
2026-04-30,-0.04626045560032954,0.06400012969970703,0.023488400742903703
2026-05-01,-0.00561207563438304,-0.028000354766845703,0.02262619094410434
2026-05-04,0.0001511106711307164,-0.012000083923339844,0.008724511051676487
2026-05-05,-0.009975799776516192,0.06800031661987305,-0.005727016631353665
2026-05-06,0.057659075388685865,-0.03000020980834961,0.042328837880018844
2026-05-07,0.01765865404299216,-0.059999942779541016,0.04482185079233458
2026-05-08,0.017494095947569344,0.03600025177001953,-0.027173935248741565
2026-05-11,0.01970259096216065,-0.028000354766845703,0.055058713673304505
2026-05-12,0.006106452319395217,0.046000003814697266,0.025947096858944363
2026-05-13,0.022873482047085725,0.05299997329711914,-0.030111668553474136
2026-05-14,0.04388258597883499,0.018000125885009766,0.025664763702450744
2026-05-15,-0.04420122720632225,-0.019999980926513672,0.004643026740856815
2026-05-18,-0.013314388358780072,0.13399982452392578,-0.04019621870771595
2026-05-19,-0.007691677106092865,0.028000354766845703,-0.024674584082039486
2026-05-20,0.012964070657941695,0.043999671936035156,0.0002636995000768749
2026-05-21,-0.017720537361840427,-0.09499979019165039,0.044915310164300504
2026-05-22,-0.01904237298751621,0.01399993896484375,0.012764440605782967
2026-05-26,-0.0021826918622399605,-0.0279998779296875,0.01993132437933931
2026-05-27,-0.010518481304186755,-0.06500005722045898,0.05526473300056556
2026-05-28,0.007761016341909066,-0.012000083923339844,-0.013568451161220296
2026-05-29,-0.014515703746992292,-0.026000022888183594,0.009994277715542177
2026-06-01,0.0626124588791841,-0.0019998550415039062,1.8725680878350914e-05
2026-06-02,-0.006863972045151545,0.021999835968017578,0.010621753277027857
2026-06-03,-0.03621758578863232,-0.019999980926513672,0.05866417169284288
2026-06-04,0.01939395646671027,0.03600025177001953,0.013892371066542397
2026-06-05,-0.062014073591381225,-0.01399993896484375,-0.021517627540643347
2026-06-08,0.017259839984335112,0.05899953842163086,-0.10256950500275386
2026-06-09,-0.0021568105327770537,0.01600027084350586,0.05612831585086142
2026-06-10,-0.03732169739825886,-0.024000167846679688,-0.019283088932119496
2026-06-11,0.022203357892913722,0.01399993896484375,-0.03565779741493269
2026-06-12,0.0015620019126554308,-0.07899999618530273,0.07905489976930924
2026-06-15,0.03538181402824003,0.024000167846679688,0.015186592380902253
2026-06-16,-0.023723197733726886,-0.018000125885009766,0.05445552400111442
2026-06-17,-0.013307023368657411,-0.0409998893737793,-0.057122134066804664
2026-06-18,0.029513846689763534,0.034999847412109375,0.013754142002945446
2026-06-22,-0.00968251232276296,-0.01199960708618164,0.0641615678249805
2026-06-23,-0.04126528091164561,0.057999610900878906,0.020425599021870022
2026-06-24,-0.00519892681982459,-0.015999794006347656,-0.07873126253632323
2026-06-25,-0.016381881943899224,-0.09100008010864258,-0.0018030448881616312
2026-06-26,-0.016399339040476746,-0.009999752044677734,0.035864373755051915
2026-06-29,0.012673362368860186,-0.019999980926513672,-0.05288764607156715
2026-06-30,0.026260425117358155,0.0019998550415039062,0.03832977230945467
2026-07-01,-0.012544327816355838,0.04400014877319336,0.03919132922069957
2026-07-02,-0.013918412665829716,0.05699968338012695,-0.06272774612621235
2026-07-06,0.0036955356666652506,0.010000228881835938,-0.05444808556301162
2026-07-07,0.007056965494693257,-0.006000041961669922,0.021694531523060556
2026-07-08,0.03651044893523969,0.04999971389770508,-0.046481676441396336
2026-07-09,-0.006564748040099211,0.039999961853027344,0.022312081584460408
2026-07-10,0.04033932332484791,-0.029999732971191406,0.030618783329886545
2026-07-13,-0.03521998340020871,0.029999732971191406,0.0005524811921295836
2026-07-14,0.040632851776453593,0.04000043869018555,-0.047765268212097034
2026-07-15,0.0033049902651376417,-0.024000167846679688,0.02544177229475797
2026-07-16,-0.02400002872242646,-0.039999961853027344,-0.020774087801338492
2026-07-17,-0.022131130535045007,0.023999691009521484,-0.042857841589425294
2026-07-20,0.0023174460152899368,-0.0279998779296875,-0.016314333394775615
2026-07-21,0.019726458731385677,0.057000160217285156,0.005992857825828812
2026-07-22,0.02301126164771805,0.029999732971191406,0.0521388273216814
2026-07-23,-0.01556164807012217,0.029000282287597656,0.004411545733925104
2026-07-24,-0.009197155678610791,0.046000003814697266,-0.005384888853357195
2026-07-27,-0.049941993879074276,-0.024000167846679688,-0.04252809235882149
2026-07-28,0.002544399847217882,-0.03800010681152344,-0.022337142150325007
2026-07-29,-0.03553119230079016,-0.03699970245361328,-0.04493341346497193
2026-07-30,0.026472285272951313,0.018000125885009766,-0.05329888776957126
2026-07-31,0.029276081370092744,0.0409998893737793,0.08188569511031263
2026-08-03,0.029339972053043173,0.0819997787475586,0.0007157259789003501
2026-08-04,0.025648485614655492,-0.05900001525878906,0.01054448650581663
2026-08-05,0.0343493379986608,-0.05900001525878906,0.06551944444776692
2026-08-06,-0.0010491548501886383,-0.009999752044677734,-0.013989346322457408
2026-08-07,0.022695105237842794,0.05299997329711914,0.0033150924368872126
2026-08-10,-0.028621197847608748,-0.010000228881835938,0.025571211342259703
2026-08-11,-0.00022984624709898593,0.03900003433227539,-0.029370871104283602
2026-08-12,0.030298833737428144,-0.014999866485595703,0.008721910371948915
2026-08-13,0.005399646274448999,-0.0019998550415039062,0.024871753457327284
2026-08-14,-0.0006213909798140627,-0.0410003662109375,0.00456636684436007
2026-08-17,-0.0006662335798259811,0.05500030517578125,-0.003127022745062602
2026-08-18,-0.023421133026656604,0.0279998779296875,0.01642501226301829
2026-08-19,-0.009920851370134876,-0.018000125885009766,-0.04980112820398541
2026-08-20,-0.003263428309640881,-0.05299997329711914,-0.02119911119283202
2026-08-21,-0.00982248016076015,0.043000221252441406,0.00526391628316536
2026-08-24,-0.029061128249296964,0.04199981689453125,-0.005055026723009282
2026-08-25,0.021920603500928948,-0.03399991989135742,-0.027017904218209376
2026-08-26,-0.015911754710582593,-0.06500005722045898,0.014432956728742896
2026-08-27,0.0873795275466771,0.02500009536743164,0.002002081045137327
2026-08-28,-0.04574959589106331,0.007999897003173828,0.023333397813776635
2026-08-31,0.014847141724795065,0.04799985885620117,-0.03471670312217734
