Date,SP500_return,IPC_return,Treasury10Y_change
2021-09-01,0.0003116886257619189,-0.020433440888558474,-0.001999974250793457
2021-09-02,0.002842638410522902,-0.0024527241277104705,-0.008000016212463379
2021-09-03,-0.0003350311257153127,-0.00484529028395142,0.02799999713897705
2021-09-06,0.0,0.008643170728564353,0.0
2021-09-07,-0.003395574405981705,-0.006362669707801749,0.04799997806549072
2021-09-08,-0.001318566739775151,-0.009253634491701246,-0.03600001335144043
2021-09-09,-0.004605608657393345,-0.001450564682753397,-0.034999966621398926
2021-09-10,-0.007722578759925436,0.0024660383890566795,0.0419999361038208
2021-09-13,0.0022764876184568905,-0.0004869752875394928,-0.01699995994567871
2021-09-14,-0.00574663850657553,0.006184102473777431,-0.04700005054473877
2021-09-15,0.008473996979569742,0.0072788767527367515,0.027000069618225098
2021-09-16,-0.0015511404489350067,0.0,0.026999950408935547
2021-09-17,-0.009110872450405094,-0.0169491804500721,0.03900003433227539
2021-09-20,-0.01697731100841482,-0.014618903987232645,-0.06099998950958252
2021-09-21,-0.0008123585165593639,0.005349941643040923,0.014999985694885254
2021-09-22,0.009519611195260236,0.010037964183986725,0.011999964714050293
2021-09-23,0.012134715784494876,0.002452936497036484,0.07400000095367432
2021-09-24,0.001461009046688222,-0.006967136559322573,0.05000007152557373
2021-09-27,-0.0027763826213396126,0.009643155402000003,0.023999929428100586
2021-09-28,-0.020364110556098214,-0.013043234031007378,0.05000007152557373
2021-09-29,0.0015691842194003325,0.0031239709523704917,0.006999969482421875
2021-09-30,-0.011909714125195148,0.005891038610883026,-0.011999964714050293
2021-10-01,0.01149147763018199,-0.0063344655268104955,-0.05000007152557373
2021-10-04,-0.012985898136748442,-0.003860344280589345,0.001999974250793457
2021-10-05,0.010524514660609219,0.003814171863370852,0.04800009727478027
2021-10-06,0.004102792854185466,-0.0016149248805159555,-0.004999995231628418
2021-10-07,0.008298280656405366,-0.0019128747690806414,0.04699993133544922
2021-10-08,-0.0019137230947889883,0.005103302566461743,0.03400003910064697
2021-10-11,-0.006865763848056816,0.00997580394126496,0.008999943733215332
2021-10-12,-0.0024167805585421087,0.003661971106603934,-0.03399991989135742
2021-10-13,0.00302251448379387,-0.00044385882877784333,-0.03100001811981201
2021-10-14,0.01706310194558336,0.006318259934054993,-0.029999971389770508
2021-10-15,0.007460210377712606,0.012622508962270462,0.056999921798706055
2021-10-18,0.00337476955709759,-0.002127861850635404,0.008000016212463379
2021-10-19,0.007393339551406308,-0.005377151676232983,0.050999999046325684
2021-10-20,0.0036640298040166996,-0.001994767239511197,0.001000046730041504
2021-10-21,0.002995871849622578,-0.005318508890460594,0.039999961853027344
2021-10-22,-0.0010725536274130976,-0.0025065455154649197,-0.021000027656555176
2021-10-25,0.004748196569493546,-0.001076503003330509,-0.019999980926513672
2021-10-26,0.0018197952535197182,0.007192007085748076,-0.016000032424926758
2021-10-27,-0.005051568068462853,-0.009423873168549757,-0.08999991416931152
2021-10-28,0.009829281576461124,-0.009006387068207444,0.03899991512298584
2021-10-29,0.001949334719149265,0.0011902708468325418,-0.010999917984008789
2021-11-01,0.0018000771431341267,0.006693099726013507,0.018000006675720215
2021-11-02,0.0036803630854131963,0.0,-0.026000022888183594
2021-11-03,0.006461279195357994,0.004327836569492982,0.029999971389770508
2021-11-04,0.004181942361150437,-6.453088269586793e-05,-0.0549999475479126
2021-11-05,0.003732799652949259,0.00201451759939264,-0.0710000991821289
2021-11-08,0.0008877879113036169,0.005262371567035906,0.04400002956390381
2021-11-09,-0.003498775895770745,-0.002628962198370388,-0.06499993801116943
2021-11-10,-0.008225823395229703,-0.007862027558959261,0.1279999017715454
2021-11-11,0.0005509400447352153,5.0542726131030946e-05,0.0
2021-11-12,0.007222656026415475,-0.005308228944711391,0.02200007438659668
2021-11-15,-1.0739820344718431e-05,0.0,0.04100000858306885
2021-11-16,0.003865229864862485,-0.005269797436417423,0.010999917984008789
2021-11-17,-0.002601625374463401,-0.0022751177643345333,-0.029999971389770508
2021-11-18,0.0033847802152713324,-0.0041757649064331215,-0.014999985694885254
2021-11-19,-0.001398665559303236,-0.00040620983096950614,-0.05299997329711914
2021-11-22,-0.0031971365563219223,-0.006184109664949866,0.08899998664855957
2021-11-23,0.001657132912945114,0.012262931054488613,0.04200005531311035
2021-11-24,0.0022938506357221833,-0.005248598898743406,-0.02200007438659668
2021-11-25,0.0,-0.0043862317678228235,0.0
2021-11-26,-0.022724822637582465,-0.02236998456790118,-0.1629999876022339
2021-11-29,0.013200199537034996,0.00613792251591061,0.04799997806549072
2021-11-30,-0.01896131033450521,-0.001959624102976454,-0.08700001239776611
2021-12-01,-0.011815187417889228,0.0062062245065421795,-0.008999943733215332
2021-12-02,0.01419443613158311,0.018401739813353357,0.01399993896484375
2021-12-03,-0.008448563730297565,-0.006481579276986671,-0.10499989986419678
2021-12-06,0.011730872577451423,0.00016343822768427607,0.09099996089935303
2021-12-07,0.020707080374404274,0.006179610796522628,0.046000003814697266
2021-12-08,0.0030852853123166657,0.00270999487536705,0.028999924659729004
2021-12-09,-0.007181080169894716,0.0035597978792547558,-0.02199995517730713
2021-12-10,0.009549073338481762,-0.0004789229311455978,0.001999974250793457
2021-12-13,-0.009136167611567658,-0.015509756151696807,-0.06499993801116943
2021-12-14,-0.0074706775774360246,0.01630921025515164,0.01399993896484375
2021-12-15,0.016348464630746795,-0.001518469232988151,0.02500009536743164
2021-12-16,-0.008743415379980468,0.004307714436905474,-0.04100000858306885
2021-12-17,-0.010287680637092622,0.01937006393109364,-0.020000100135803223
2021-12-20,-0.01138805785140995,-0.014423840969716162,0.01700007915496826
2021-12-21,0.017777934551572505,0.0089381514785285,0.0679999589920044
2021-12-22,0.010180197220578835,0.006100946824588727,-0.029999971389770508
2021-12-23,0.006223699921661829,0.004729865366706498,0.03600001335144043
2021-12-24,0.0,0.0038454938271559325,0.0
2021-12-27,0.01383893524747526,0.00768502782424707,-0.012000083923339844
2021-12-28,-0.0010101548486260992,-0.000395762292376034,0.0
2021-12-29,0.0014018951394270118,-0.009195431141904131,0.06200003623962402
2021-12-30,-0.0029897555945093135,0.008082065646177972,-0.02799999713897705
2021-12-31,-0.0026261799136575448,0.0018277564515447597,-0.003000020980834961
2022-01-03,0.006374052530970564,-0.006221409771190234,0.11600005626678467
2022-01-04,-0.000629621957060511,0.0014312067108299686,0.039999961853027344
2022-01-05,-0.019392757790687165,0.00013895953934395244,0.037000060081481934
2022-01-06,-0.0009637690162076495,0.0005876597204899081,0.02799999713897705
2022-01-07,-0.004050216740091761,0.00276693859937871,0.03799998760223389
2022-01-10,-0.0014410312534549607,-0.006885961112326644,0.008999943733215332
2022-01-11,0.009159984668711818,0.004280437129947634,-0.03399991989135742
2022-01-12,0.002817754443029452,0.016758133112757756,-0.021000027656555176
2022-01-13,-0.0142436152864307,-0.00038352120104045984,-0.0140000581741333
2022-01-14,0.0008199802697488323,-0.00344012235087221,0.06099998950958252
2022-01-17,0.0,0.004248729894539505,0.0
2022-01-18,-0.018387945694007368,-0.01373032093360449,0.09300005435943604
2022-01-19,-0.009689541868338813,-0.007682732556650529,-0.03799998760223389
2022-01-20,-0.01103737849414832,-0.0059609929846354826,0.005999922752380371
2022-01-21,-0.018914821867908604,-0.017311011090646478,-0.08599996566772461
2022-01-24,0.002771738943381896,-0.01373638748225603,-0.011999964714050293
2022-01-25,-0.012171906253646725,0.004201184971650562,0.04799997806549072
2022-01-26,-0.0014966358477518371,-0.0013176919424425781,0.06500005722045898
2022-01-27,-0.00538408875771057,-0.011188562843246874,-0.04100000858306885
2022-01-28,0.024347646888076113,0.0038806279070362493,-0.02500009536743164
2022-01-31,0.018885951732779516,0.013205046079104665,0.0
2022-02-01,0.00686300355780145,0.008802119948270626,0.018000006675720215
2022-02-02,0.00942251544733641,0.004646296676826367,-0.03399991989135742
2022-02-03,-0.024391082077444004,-0.016880141601298138,0.06099998950958252
2022-02-04,0.0051569298644233985,0.0021546384414199427,0.10299992561340332
2022-02-07,-0.0037017126347429485,0.0,-0.01399993896484375
2022-02-08,0.008401207191663262,0.020276329608846178,0.03799998760223389
2022-02-09,0.014517207887505545,0.00893652933068756,-0.02499997615814209
2022-02-10,-0.01811572566845976,-0.00307668980841036,0.10199987888336182
2022-02-11,-0.01896945434456343,0.011971266998636265,-0.07599985599517822
2022-02-14,-0.0038405967262932217,-0.016805253747956828,0.04100000858306885
2022-02-15,0.01576672117072042,0.01674243718563151,0.04900002479553223
2022-02-16,0.0008812077558950637,0.008831228246129141,0.0019998550415039062
2022-02-17,-0.021173138152195015,-0.018047415643669518,-0.07499992847442627
2022-02-18,-0.0071661613961429005,-0.008167530451960947,-0.039999961853027344
2022-02-21,0.0,-0.004903291016366329,0.0
2022-02-22,-0.010142945264832837,0.011057521275380067,0.015999913215637207
2022-02-23,-0.018412122845487655,-0.02352641504740005,0.029000043869018555
2022-02-24,0.014956856067329216,0.001773682467336668,-0.008000016212463379
2022-02-25,0.022372677655603468,0.02140843654726221,0.01699995994567871
2022-02-28,-0.002442603440647617,0.016078358678762283,-0.14699995517730713
2022-03-01,-0.015473503680411893,-0.004340569615456702,-0.13199996948242188
2022-03-02,0.018642691757321028,0.0024796458333118387,0.15799999237060547
2022-03-03,-0.005254666430088317,0.004265454908692012,-0.021000027656555176
2022-03-04,-0.007934042550334475,-0.0038477225453874553,-0.12000000476837158
2022-03-07,-0.029518158313449172,-0.018931031186162794,0.027000069618225098
2022-03-08,-0.00723375351819977,0.018649826598331476,0.12099993228912354
2022-03-09,0.02569824789143582,0.011701106314004228,0.07599997520446777
2022-03-10,-0.004291813651667864,-0.009722194346650448,0.06299996376037598
2022-03-11,-0.012961545123475138,-0.0016281278921823628,-0.006999969482421875
2022-03-14,-0.007421002465963666,-0.009250875358620902,0.1360001564025879
2022-03-15,0.021408574170870942,0.003832602582886535,0.019999980926513672
2022-03-16,0.02238376135718223,0.007580967716667386,0.0279998779296875
2022-03-17,0.01234781757145198,0.017835598222861293,0.003999948501586914
2022-03-18,0.011662294827948783,0.02028063602785446,-0.04399991035461426
2022-03-21,-0.00043466036210393355,0.0,0.16700005531311035
2022-03-22,0.0113041136006502,0.004604929150304304,0.05799984931945801
2022-03-23,-0.012272698789159042,-0.010189797303952197,-0.051999807357788086
2022-03-24,0.01434391292056647,0.012241566650835312,0.019999980926513672
2022-03-25,0.005066170567449069,-0.007053727130223453,0.1510000228881836
2022-03-28,0.007144955276586762,0.004493282624566941,-0.015000104904174805
2022-03-29,0.012256547427530462,0.007651418452353065,-0.07699990272521973
2022-03-30,-0.0062937001746978805,-0.005279206263788416,-0.04200005531311035
2022-03-31,-0.015652540713177343,0.012930064638075667,-0.031000137329101562
2022-04-01,0.0034102225843584133,0.0012887098323197677,0.05000019073486328
2022-04-04,0.008090938687879357,-0.005234597029183274,0.034999847412109375
2022-04-05,-0.012551720801807331,-0.013601104647541162,0.14400005340576172
2022-04-06,-0.009716916613271898,-0.00195434548800133,0.05299997329711914
2022-04-07,0.004253385628492534,-0.0028525296965293823,0.042999982833862305
2022-04-08,-0.002651026482054286,-0.010733240101581165,0.06100010871887207
2022-04-11,-0.01687729010355421,-0.004085447247758833,0.06699991226196289
2022-04-12,-0.003417447717741773,-0.010219225202506843,-0.05500006675720215
2022-04-13,0.011174577597236057,0.004922734766659387,-0.037999868392944336
2022-04-14,-0.01214413784439794,0.0,0.14100003242492676
2022-04-18,-0.0002048682840329885,-0.0006078658708983387,0.03399991989135742
2022-04-19,0.016057604355527166,0.009125842790506988,0.051000118255615234
2022-04-20,-0.0006184750715809706,-0.01469279491282971,-0.07300019264221191
2022-04-21,-0.014752948498371943,-0.010472219718729359,0.07700014114379883
2022-04-22,-0.027740054250753654,-0.0014178929956085717,-0.01100015640258789
2022-04-25,0.005697936985382235,-0.01035786191123278,-0.07999992370605469
2022-04-26,-0.028146308431003852,-0.002433798860378422,-0.053999900817871094
2022-04-27,0.0020980468517017847,-0.0030754458704715937,0.046000003814697266
2022-04-28,0.02474690007293945,0.005023015376166562,0.04499983787536621
2022-04-29,-0.036284507106413955,-0.022735378746280066,0.024000167846679688
2022-05-02,0.005675242812353654,0.009131049152928616,0.10899996757507324
2022-05-03,0.004837126381486367,-0.015820971344839396,-0.03600001335144043
2022-05-04,0.02986242108440229,0.007168493875066018,-0.042999982833862305
2022-05-05,-0.035649708609806985,-0.017550720363631034,0.14899992942810059
2022-05-06,-0.0056742248424840325,-0.019555543598950065,0.056999921798706055
2022-05-09,-0.03203710063235676,-0.009776543691041306,-0.04399991035461426
2022-05-10,0.0024578974498534745,0.0011904088875369645,-0.08599996566772461
2022-05-11,-0.01646320750393837,0.0032651590706285205,-0.07200002670288086
2022-05-12,-0.0012959645058717717,0.0006715173509665995,-0.10400009155273438
2022-05-13,0.02386969542307149,0.0054873626990841196,0.11800003051757812
2022-05-16,-0.003946400929555671,0.01984840756562911,-0.05799984931945801
2022-05-17,0.020169632234863677,0.017800235917072582,0.09099984169006348
2022-05-18,-0.04039526078745259,-0.02079122008150114,-0.0820000171661377
2022-05-19,-0.005833781800992588,0.017777480467986884,-0.03099989891052246
2022-05-20,0.00014614176965843662,0.004452934783941487,-0.06800007820129395
2022-05-23,0.018555039930923556,-0.002744852879570603,0.07200002670288086
2022-05-24,-0.008120797617175213,-0.0014179830973373164,-0.0989999771118164
2022-05-25,0.009450764734207695,0.008050657561226915,-0.010999917984008789
2022-05-26,0.019883256167224195,0.008235765965208808,0.006999969482421875
2022-05-27,0.02474226295510973,0.006147532386897581,-0.013000011444091797
2022-05-30,0.0,-0.005746325815936593,0.0
2022-05-31,-0.006274368617659065,-0.007851429423854084,0.10100007057189941
2022-06-01,-0.007482768681131846,-0.004760787666786781,0.08699989318847656
2022-06-02,0.018431018038486124,-0.010382634840166993,-0.017999887466430664
2022-06-03,-0.016347313992415624,-0.005538954037701771,0.04399991035461426
2022-06-06,0.003137400778913113,-0.012399512746103514,0.08100008964538574
2022-06-07,0.009523393173235029,0.0015714569299540848,-0.06600022315979004
2022-06-08,-0.010793945785935621,-0.0063802063551978705,0.057000160217285156
2022-06-09,-0.02379869397635359,-0.010620021215735798,0.014999866485595703
2022-06-10,-0.029110303335524668,-0.01660977044761036,0.1119999885559082
2022-06-13,-0.038768430665237275,-0.0005409104202540593,0.21000003814697266
2022-06-14,-0.0037736797459957394,-0.005796889001021377,0.11700010299682617
2022-06-15,0.014592504858983224,0.0037475758517526714,-0.08800005912780762
2022-06-16,-0.03251195148816344,-0.01626760863817911,-0.08800005912780762
2022-06-17,0.002200865698254617,0.009624328715474473,-0.06799983978271484
2022-06-20,0.0,-0.004904835645173744,0.0
2022-06-21,0.024477242280086964,0.006773865373257859,0.06799983978271484
2022-06-22,-0.0013015723144006452,-0.019957009176253315,-0.1510000228881836
2022-06-23,0.009532217409177868,-0.010318953851517931,-0.08799982070922852
2022-06-24,0.03056329358583576,0.023224825456110487,0.056999921798706055
2022-06-27,-0.0029730715337762392,0.01159008671700712,0.0690000057220459
2022-06-28,-0.020143036075892073,0.002911721590271199,0.012000083923339844
2022-06-29,-0.0007117454091590814,-0.007718310654281746,-0.11300015449523926
2022-06-30,-0.008759278267998716,-0.01117649124187281,-0.12100005149841309
2022-07-01,0.010553814029047315,0.0046018254255477675,-0.08299994468688965
2022-07-04,0.0,0.006141833505887595,0.0
2022-07-05,0.0015841285142366157,-0.011099091321819632,-0.07999992370605469
2022-07-06,0.0035731642904301975,0.004611694075993489,0.10400009155273438
2022-07-07,0.014964587965241805,-0.007290307382245564,0.09499979019165039
2022-07-08,-0.000830271529819071,0.0043848694916102104,0.09300017356872559
2022-07-11,-0.011527461422777274,-0.004460053427381316,-0.1100001335144043
2022-07-12,-0.009243878717321574,0.00594531468268511,-0.03299999237060547
2022-07-13,-0.0044569025122100925,-0.003990805972625688,-0.053999900817871094
2022-07-14,-0.00299863390215227,-0.015171143362864514,0.0559999942779541
2022-07-15,0.01920124935943668,0.007157747826613825,-0.029999971389770508
2022-07-18,-0.008363571580831342,-0.0032431024950331233,0.029999971389770508
2022-07-19,0.02762829164595959,0.007161303056798518,0.05900001525878906
2022-07-20,0.005895806193263242,-0.0026818504288554923,0.01699995994567871
2022-07-21,0.00986137270919718,0.0060230813787298665,-0.12599992752075195
2022-07-22,-0.00933246697634671,-0.0031953461484944823,-0.127000093460083
2022-07-25,0.0013151670479691902,-0.0013163849596241617,0.03699994087219238
2022-07-26,-0.01154320266205866,-0.011193014559235825,-0.03299999237060547
2022-07-27,0.026156273782937722,0.003612718153835459,-0.05299997329711914
2022-07-28,0.012133338697180918,0.027097960704442148,-0.05299997329711914
2022-07-29,0.014207760082581844,0.0006663288608570461,-0.03900003433227539
2022-08-01,-0.0028230841271976725,-0.015781080780219114,-0.03600001335144043
2022-08-02,-0.006662395550704803,-0.01016928724885402,0.13499999046325684
2022-08-03,0.015638477163140152,0.0018531552485370195,0.006999969482421875
2022-08-04,-0.0007773401640558397,-0.0015628455093962268,-0.07199978828430176
2022-08-05,-0.0016257460597355333,-0.004108224942425576,0.1639997959136963
2022-08-08,-0.0012375507238541195,0.013514198159749524,-0.07499980926513672
2022-08-09,-0.004248692893594086,-0.0023873110963070765,0.031999826431274414
2022-08-10,0.021290637641290244,0.011989429715121735,-0.010999917984008789
2022-08-11,-0.0007054739583503,0.013644933181097496,0.10199999809265137
2022-08-12,0.017322368774566943,0.008105981177828125,-0.03900003433227539
2022-08-15,0.0039695418998517695,-0.004401164421947268,-0.05800008773803711
2022-08-16,0.0018756797165810912,0.0033578499480380053,0.03299999237060547
2022-08-17,-0.007237794954094601,-0.0013860306742131678,0.0690000057220459
2022-08-18,0.002269561170191503,-8.696757608295247e-05,-0.012999773025512695
2022-08-19,-0.012900001139847905,-0.005469734294554218,0.10899996757507324
2022-08-22,-0.0214000649197158,-0.009216307939446722,0.04799985885620117
2022-08-23,-0.0022378626777133093,-0.0008867374342796941,0.01699995994567871
2022-08-24,0.0029161604463010526,-0.010928845618951355,0.05200004577636719
2022-08-25,0.014091605518061545,0.00578523438991474,-0.07999992370605469
2022-08-26,-0.03368805871951874,-0.009473779415514194,0.009000062942504883
2022-08-29,-0.006666355799502699,-0.020096581791258394,0.07499980926513672
2022-08-30,-0.011028155571448206,-0.008636283064796468,0.0
2022-08-31,-0.007817025105971265,-0.021837701369805895,0.023000001907348633
2022-09-01,0.0029962320243361873,0.010343742064748085,0.13200020790100098
2022-09-02,-0.010736500458081055,0.011122399848652043,-0.07200002670288086
2022-09-05,0.0,0.0029952783952382767,0.0
2022-09-06,-0.004095056983834944,-0.0026764717963898566,0.14699983596801758
2022-09-07,0.018341016392734,0.0033566105075761854,-0.07499980926513672
2022-09-08,0.006610721877456038,0.004915023717230627,0.026999950408935547
2022-09-09,0.015271449816332883,0.01641198679836786,0.029000043869018555
2022-09-12,0.0105842727693497,0.01737857026073164,0.0409998893737793
2022-09-13,-0.0432366134006168,-0.017148640788006597,0.059999942779541016
2022-09-14,0.0033870120853238816,-0.0062625740387552975,-0.009999990463256836
2022-09-15,-0.011317739184353415,0.0005269597663795089,0.04700016975402832
2022-09-16,-0.007182134089448455,0.0,-0.01100015640258789
2022-09-19,0.006857100716286535,0.0005090593351877448,0.04200005531311035
2022-09-20,-0.011272103097361819,0.005875621151701926,0.08100008964538574
2022-09-21,-0.017116493600784488,-0.0016150818653386523,-0.06100010871887207
2022-09-22,-0.00842758097968943,-0.014206302649782176,0.1979999542236328
2022-09-23,-0.017232619015461026,-0.020053578746591194,-0.010999917984008789
2022-09-26,-0.010340526208282075,-0.012939104120420986,0.1809999942779541
2022-09-27,-0.0021203598092424114,0.0044087734006590384,0.08599996566772461
2022-09-28,0.019672139926234733,0.009689830304288494,-0.2590000629425049
2022-09-29,-0.021126437880238824,-0.007474551727185141,0.04200005531311035
2022-09-30,-0.015066695771983274,-0.010548183900006336,0.056999921798706055
2022-10-03,0.025883894952576147,0.01799253373966625,-0.1529998779296875
2022-10-04,0.030583700679551518,0.013577625344625588,-0.03399991989135742
2022-10-05,-0.002017948757084831,-0.004359715926230967,0.1419999599456787
2022-10-06,-0.010245080846639998,0.010488447524362288,0.06699991226196289
2022-10-07,-0.028003617786773516,-0.01290419684256594,0.056999921798706055
2022-10-10,-0.00749246363390188,-0.005942635221474757,0.005000114440917969
2022-10-11,-0.006519175777754405,0.007388659453538837,0.05099987983703613
2022-10-12,-0.0032907731480149582,-0.0024708681775704733,-0.03699994087219238
2022-10-13,0.02596564246086497,0.0019067834475325895,0.04999995231628418
2022-10-14,-0.02366266361565439,-0.007070383858026608,0.05800032615661621
2022-10-17,0.026480052302171098,0.01710629081639925,0.004999637603759766
2022-10-18,0.011427569666488724,0.001914979280801532,-0.01699995994567871
2022-10-19,-0.0066720972934503076,-0.0019820899974128947,0.12899994850158691
2022-10-20,-0.007950909706564868,0.00211973547256461,0.0989999771118164
2022-10-21,0.02372481982226482,0.01737365524855261,-0.013000011444091797
2022-10-24,0.011881976654619875,0.013691831209161398,0.021000385284423828
2022-10-25,0.016266654579669915,0.01834035129986744,-0.12600040435791016
2022-10-26,-0.007387716072364547,0.014099957718195943,-0.09299993515014648
2022-10-27,-0.006082610618211248,-0.008809573209457855,-0.07799983024597168
2022-10-28,0.024626377895927698,0.003962610938605504,0.07300019264221191
2022-10-31,-0.00745440410765752,0.017031228401699794,0.06699991226196289
2022-11-01,-0.004101230608784645,0.018880355402289606,-0.02500009536743164
2022-11-02,-0.02500198485734284,0.0,0.006999969482421875
2022-11-03,-0.010585992315429671,-0.012758917972120032,0.06500005722045898
2022-11-04,0.013618724670070526,0.0190752223427868,0.032000064849853516
2022-11-07,0.009613981920559844,-0.008081841276044832,0.05800008773803711
2022-11-08,0.005597892802462701,0.0025275106498050537,-0.08800029754638672
2022-11-09,-0.02077788695478977,-0.006734473244491168,0.02500009536743164
2022-11-10,0.05543448436034493,0.00961404482247108,-0.32200002670288086
2022-11-11,0.009240746788147902,0.01817474398195107,-0.016000032424926758
2022-11-14,-0.008935777048800997,-0.003350134627116863,0.05200004577636719
2022-11-15,0.008713116550319144,-0.0024997373084529873,-0.06599998474121094
2022-11-16,-0.008252046497990273,-0.002143777449448603,-0.10700011253356934
2022-11-17,-0.0030893228355314273,-0.003571064540538571,0.08300018310546875
2022-11-18,0.00475858190881473,0.004066279480906543,0.042999982833862305
2022-11-21,-0.003883688698329779,0.0,0.006999969482421875
2022-11-22,0.013579987927526016,0.0037002395422216505,-0.06700015068054199
2022-11-23,0.0059146891478476515,0.004509422824367393,-0.051999807357788086
2022-11-24,0.0,-0.0002872930451417455,0.0
2022-11-25,-0.0002830441976333642,-0.00597108493384535,-0.015000104904174805
2022-11-28,-0.015444192913123267,-0.011366904429760183,0.012000083923339844
2022-11-29,-0.0015918653377758885,-0.01776127529475824,0.04499983787536621
2022-11-30,0.030947872397389053,0.030111193385463864,-0.04499983787536621
2022-12-01,-0.0008676332180498347,-0.004397972568731645,-0.17400002479553223
2022-12-02,-0.001194660488065602,-0.004337161099033926,-0.023000001907348633
2022-12-05,-0.017894212283564803,-0.008488640476413623,0.09299993515014648
2022-12-06,-0.014399194981406072,0.0043541308493830755,-0.08599996566772461
2022-12-07,-0.0018623708845491027,-0.005775847799366796,-0.10500001907348633
2022-12-08,0.00752178195750397,0.006953801854727049,0.08299994468688965
2022-12-09,-0.007349578247904498,-0.011990305707025195,0.07599997520446777
2022-12-12,0.014279296218109305,0.0,0.04400014877319336
2022-12-13,0.0072896644387934195,-0.0026383659871695997,-0.1100001335144043
2022-12-14,-0.006052724634100337,-0.005670271350069811,0.002000093460083008
2022-12-15,-0.024921675023714007,-0.014093742290069988,-0.05299997329711914
2022-12-16,-0.011137750774080746,0.00583289310278734,0.032000064849853516
2022-12-19,-0.009007516001852345,0.006366153133672059,0.0989999771118164
2022-12-20,0.0010373383615349674,0.003870578612789055,0.10299992561340332
2022-12-21,0.014867993802734736,0.00572084465722611,0.0
2022-12-22,-0.01445169956861636,-0.006525230257702241,-0.015000104904174805
2022-12-23,0.005868102525282026,0.009598758289351084,0.0820000171661377
2022-12-26,0.0,-0.006014446565494214,0.0
2022-12-27,-0.004049622110409712,0.0033044768205663377,0.10899996757507324
2022-12-28,-0.012020638322615351,-0.01569802313933355,0.02700018882751465
2022-12-29,0.01746133164481911,-0.0026255037198439357,-0.05200004577636719
2022-12-30,-0.0025407424823445934,-0.02128524967159895,0.04399991035461426
2023-01-02,0.0,0.010923168585353693,0.0
2023-01-03,-0.004000548879248611,0.0011679704844473893,-0.08599996566772461
2023-01-04,0.007538970575044379,0.022646241697206193,-0.0839998722076416
2023-01-05,-0.011645528874622113,0.012837422423067402,0.010999917984008789
2023-01-06,0.02284078102943865,0.018212483432817228,-0.1510000228881836
2023-01-09,-0.0007676325452631305,0.010623341766462735,-0.05200004577636719
2023-01-10,0.006978233159061986,0.0012235785743142102,0.10400009155273438
2023-01-11,0.012849424614881588,0.016524914909020305,-0.06700015068054199
2023-01-12,0.0034159058663651987,0.007232975154579213,-0.10500001907348633
2023-01-13,0.003996858363534361,-0.00031982442018341217,0.06200003623962402
2023-01-16,0.0,0.0010297733098856288,0.0
2023-01-17,-0.0020304911890052235,-0.009377291554319545,0.024000167846679688
2023-01-18,-0.015562598500411085,0.0016913442348718277,-0.16000008583068848
2023-01-19,-0.007638350296294338,0.0030782397559603325,0.02200007438659668
2023-01-20,0.018918401045981525,0.010572548225305622,0.08699989318847656
2023-01-23,0.01188134498366522,0.007307369307948397,0.0410001277923584
2023-01-24,-0.0007115031258156934,0.009739378464794335,-0.0559999942779541
2023-01-25,-0.0001817250594663422,1.56618766002925e-05,-0.0070002079010009766
2023-01-26,0.011007853469181317,0.00533342616409338,0.031000137329101562
2023-01-27,0.002494840970949097,-0.007053539986972113,0.02499985694885254
2023-01-30,-0.012968740984683369,-0.0046276747515774375,0.03300023078918457
2023-01-31,0.014642470285510134,0.00078574322051983,-0.02200007438659668
2023-02-01,0.010452303944590291,0.008332204002834187,-0.13199996948242188
2023-02-02,0.014699373244309921,-0.020792850980710376,-0.0010001659393310547
2023-02-03,-0.010354610691310495,0.003232313975001455,0.1360001564025879
2023-02-06,-0.006140463017754394,0.0,0.10199999809265137
2023-02-07,0.01287251059802652,-0.013201694612323012,0.039999961853027344
2023-02-08,-0.011080724476164705,-0.003946713797554069,-0.020999908447265625
2023-02-09,-0.00882979617773516,-0.006090954538760074,0.029999971389770508
2023-02-10,0.0021952617756952897,-0.00604927097884278,0.06099987030029297
2023-02-13,0.011448609342766147,0.01083816131372961,-0.026999950408935547
2023-02-14,-0.0002804145319874607,-0.007308218268270439,0.04399991035461426
2023-02-15,0.002773175690496066,0.014414587888716968,0.04800009727478027
2023-02-16,-0.013788741489130674,0.011111141171678218,0.03399991989135742
2023-02-17,-0.002767405825327751,-0.004187285987539813,-0.014999866485595703
2023-02-20,0.0,0.0022106516211735094,0.0
2023-02-21,-0.020041234255327334,-0.012402514124578268,0.1269998550415039
2023-02-22,-0.0015735561458868341,-0.0011074566817812492,-0.031999826431274414
2023-02-23,0.005329429416074394,-0.0017915677543659525,-0.04400014877319336
2023-02-24,-0.010537551485558128,-0.007525050511621001,0.06999993324279785
2023-02-27,0.0030730045671669703,0.006213820215297261,-0.026999950408935547
2023-02-28,-0.0030360018281855305,-0.004820695035112954,-0.006000041961669922
2023-03-01,-0.004725264845680033,0.013560058175354328,0.07800006866455078
2023-03-02,0.0075821940867943916,-0.002691609725209765,0.07899999618530273
2023-03-03,0.0161477371607488,0.015989982684312398,-0.10899996757507324
2023-03-06,0.0006871667698291617,-0.00476314719248061,0.01900005340576172
2023-03-07,-0.015326919115337678,-0.0158641402901194,-0.00800013542175293
2023-03-08,0.0014147940136839399,0.006028591313078202,0.0010001659393310547
2023-03-09,-0.01845935787384867,0.0007138102902088939,-0.051000118255615234
2023-03-10,-0.01447813845705137,-0.011833735911736087,-0.23000001907348633
2023-03-13,-0.001509761003189447,0.004123888305192613,-0.17999982833862305
2023-03-14,0.016476655480623936,-0.006047467212766833,0.12299990653991699
2023-03-15,-0.00698088356543769,-0.01150198327311791,-0.14599990844726562
2023-03-16,0.017562006217166637,0.008065523746440872,0.09299993515014648
2023-03-17,-0.011019457310067593,-0.01104813101018276,-0.19000005722045898
2023-03-20,0.008918403718310097,0.0,0.08599996566772461
2023-03-21,0.012982193897784988,0.014001550896580062,0.125
2023-03-22,-0.01646322377571363,-0.0019419725889263662,-0.10599994659423828
2023-03-23,0.0029845287333754023,0.005281239690886119,-0.09400010108947754
2023-03-24,0.005639807253104534,-0.0010753515060318852,-0.025999784469604492
2023-03-27,0.0016469543057482383,0.0015216804112867521,0.14800000190734863
2023-03-28,-0.0015738434957162095,0.006767645501495778,0.03599977493286133
2023-03-29,0.014237268879836451,0.01266414272111871,0.002000093460083008
2023-03-30,0.005715269388667954,0.005864418931806448,-0.014999866485595703
2023-03-31,0.014436542471763847,-0.005441829648281438,-0.057000160217285156
2023-04-03,0.0036988464765423945,-0.0001418899803353746,-0.06399989128112793
2023-04-04,-0.005796972083329965,0.005188851344152701,-0.09300017356872559
2023-04-05,-0.002492370531228194,-0.012507769993623907,-0.04999995231628418
2023-04-06,0.0035791630944272956,0.0,0.0010001659393310547
2023-04-10,0.0009963029974375814,0.013984357590196117,0.1269998550415039
2023-04-11,-4.1352477946232646e-05,0.006601300543986444,0.01900005340576172
2023-04-12,-0.004134884052006904,-0.004972249018780905,-0.013000011444091797
2023-04-13,0.01326268999363811,0.006674752875400758,0.03099989891052246
2023-04-14,-0.0020693734728036706,-0.00430970453045687,0.07000017166137695
2023-04-17,0.00330615690296554,0.005855136810054784,0.0690000057220459
2023-04-18,0.0008552202959737354,-0.007181778806090278,-0.01900005340576172
2023-04-19,-8.42619976980652e-05,-0.001423718816467523,0.029999971389770508
2023-04-20,-0.00595254815297297,-0.0002647654574368108,-0.056999921798706055
2023-04-21,0.0009031888869577287,-0.0021812781895923505,0.02499985694885254
2023-04-24,0.0008515791660903549,0.009938443443706202,-0.05499982833862305
2023-04-25,-0.015810858882773227,-0.006261857265951187,-0.11900019645690918
2023-04-26,-0.003841187197329843,-0.006396221452419137,0.03600001335144043
2023-04-27,0.01956614972249704,0.007753162154364723,0.09600019454956055
2023-04-28,0.008253202753460531,0.012472810169276594,-0.07600021362304688
2023-05-01,-0.0003861064902076494,0.0,0.12199997901916504
2023-05-02,-0.011586262936400304,0.0010560531646444105,-0.13499999046325684
2023-05-03,-0.006998305064656485,-0.004212040067580691,-0.03599977493286133
2023-05-04,-0.007218732334382416,-0.005092192869053158,-0.05200004577636719
2023-05-05,0.018474751389515376,0.004942262150686494,0.09500002861022949
2023-05-08,0.0004521286642489297,0.0017425375989088554,0.07499980926513672
2023-05-09,-0.004579421277258522,0.007624669774501491,0.0
2023-05-10,0.004483965263404999,0.001477821165112525,-0.0820000171661377
2023-05-11,-0.0016966239932159066,-0.009372873566193651,-0.04199981689453125
2023-05-12,-0.0015833068345566526,-0.0011964249261110504,0.06599998474121094
2023-05-15,0.0029581644391338813,0.005697752327736838,0.04499983787536621
2023-05-16,-0.006377683373153031,-0.0014558641864478306,0.0410001277923584
2023-05-17,0.011890829058788244,-0.0020586383099698846,0.032000064849853516
2023-05-18,0.009445048649426635,0.003554523801704068,0.06699991226196289
2023-05-19,-0.0014458676054706077,-0.01749917086980779,0.04399991035461426
2023-05-22,0.0001550346964389604,-0.015281598878946978,0.02700018882751465
2023-05-23,-0.011222026747550129,-0.006417153088049465,-0.021000146865844727
2023-05-24,-0.007318600335353365,0.00508590582154822,0.021000146865844727
2023-05-25,0.008757581265902425,0.006579113903214084,0.09499979019165039
2023-05-26,0.01304908677799732,0.005224136284420089,-0.003999948501586914
2023-05-29,0.0,0.0034654530218143353,0.0
2023-05-30,1.660326849850513e-05,-0.016063039920037103,-0.1099998950958252
2023-05-31,-0.006108624209833935,-0.011352996306107532,-0.06299996376037598
2023-06-01,0.009854453563032717,-0.00023191762842855734,-0.029000043869018555
2023-06-02,0.014534424705965554,0.009647966504837457,0.08299994468688965
2023-06-05,-0.0020035816359177394,0.005698373019291658,0.002000093460083008
2023-06-06,0.0023538963079141606,0.016739012533099507,0.00599980354309082
2023-06-07,-0.0038120096998572883,-0.002585786027785031,0.08500003814697266
2023-06-08,0.0061886426142414575,0.000860877516591696,-0.06999993324279785
2023-06-09,0.001148059539441082,0.0032014494872749655,0.03099989891052246
2023-06-12,0.009321148810237156,-0.004292980032830962,0.020000219345092773
2023-06-13,0.006932489951473775,0.005464981106064082,0.07399988174438477
2023-06-14,0.0008194255259321714,0.010456844740470705,-0.042999982833862305
2023-06-15,0.01217813742034668,0.003605381508978711,-0.06800007820129395
2023-06-16,-0.0036716195284263176,-0.009065770721438993,0.0410001277923584
2023-06-19,0.0,0.0016145663687705536,0.0
2023-06-20,-0.0047351076976228645,-0.010292517943834567,-0.039999961853027344
2023-06-21,-0.005245281583003636,-0.0055507359235570375,-0.006000041961669922
2023-06-22,0.003710798414438443,-0.009259440559389986,0.07599997520446777
2023-06-23,-0.007658808766684566,-0.0041333973444245276,-0.059999942779541016
2023-06-26,-0.004486838293256468,-0.00011570404925365096,-0.019999980926513672
2023-06-27,0.011455854954693034,0.011083972849173618,0.048999786376953125
2023-06-28,-0.00035407668843834283,-0.008657116848477475,-0.05799984931945801
2023-06-29,0.004473544672805918,0.0023411900312551026,0.14400005340576172
2023-06-30,0.012269004495714109,-0.0011032368417829286,-0.03500008583068848
2023-07-03,0.0011706778016009611,0.016309799789559376,0.03900003433227539
2023-07-04,0.0,-0.008607535309421044,0.0
2023-07-05,-0.0019683184132291975,0.002017412340743041,0.08699989318847656
2023-07-06,-0.007922511336500904,-0.01169439140943429,0.09599995613098145
2023-07-07,-0.0028651005386203243,0.00929809467575149,0.009000301361083984
2023-07-10,0.002405026057131332,-0.004618139007665389,-0.04400014877319336
2023-07-11,0.0067422110558885695,0.008997966622912301,-0.026000022888183594
2023-07-12,0.007411233485312474,-0.0033512360307442757,-0.11899995803833008
2023-07-13,0.008470153458069118,0.005324653342617447,-0.10000014305114746
2023-07-14,-0.0010244071333035398,-0.008723745211795086,0.05800008773803711
2023-07-17,0.0038553825145495324,-0.0027437056517009006,-0.02200007438659668
2023-07-18,0.007117275205842377,0.007701880239870729,-0.007999897003173828
2023-07-19,0.002357910335732072,-0.005479826375296981,-0.04699993133544922
2023-07-20,-0.006756896218903741,-0.0033269171878195225,0.1119999885559082
2023-07-21,0.0003240945218980773,0.002628555984005132,-0.017000198364257812
2023-07-24,0.004034153877153557,-0.0034123394564915532,0.020000219345092773
2023-07-25,0.002814673351556163,0.009242863266568868,0.05499982833862305
2023-07-26,-0.00015543889679858758,0.009044239165556966,-0.06099987030029297
2023-07-27,-0.006424666064487883,0.004610846702767679,0.16100001335144043
2023-07-28,0.009877842794752345,0.0035044205310343912,-0.042999982833862305
2023-07-31,0.0014687129405193122,-0.002297172278465487,-0.009999990463256836
2023-08-01,-0.002665087639215691,-0.011098873089354977,0.09200000762939453
2023-08-02,-0.013839541336347905,-0.017101123014192532,0.026999950408935547
2023-08-03,-0.0025479738404268204,0.0030315402023270988,0.11100006103515625
2023-08-04,-0.005300074155050516,0.010222305413785104,-0.12900018692016602
2023-08-07,0.00902409277936278,0.0007669042333402487,0.018000125885009766
2023-08-08,-0.004218283044793103,-0.00684414654170018,-0.05200004577636719
2023-08-09,-0.007038730380597102,0.010392981141793989,-0.01399993896484375
2023-08-10,0.00025071394456976925,-0.006117715135662505,0.06799983978271484
2023-08-11,-0.0010696923700230787,-0.012003761781299471,0.08800029754638672
2023-08-14,0.005750475751703066,0.0009256057578312937,0.015999794006347656
2023-08-15,-0.011550909428841738,0.00550986984967472,0.037000179290771484
2023-08-16,-0.007555395210577687,0.004528138595040643,0.03699970245361328
2023-08-17,-0.007712913029036983,-0.011634704882345304,0.05000019073486328
2023-08-18,-0.00014870682600087726,-0.00013252989136436355,-0.057000160217285156
2023-08-21,0.006879188518795987,-0.0015909366618483967,0.09100008010864258
2023-08-22,-0.002777466728829614,0.0003420834167211506,-0.01399993896484375
2023-08-23,0.011044879965972587,0.009550723305699949,-0.13000011444091797
2023-08-24,-0.013457974663146133,-0.009797863130557527,0.037000179290771484
2023-08-25,0.006717966037625089,0.001538380519848559,0.0039997100830078125
2023-08-28,0.006264619755036449,0.004720852532328568,-0.026999950408935547
2023-08-29,0.01450830719454621,0.015318994166935385,-0.08999967575073242
2023-08-30,0.003833182103508026,0.002384942660302869,-0.004000186920166016
2023-08-31,-0.0015969365120942491,-0.025183659126248537,-0.02500009536743164
2023-09-01,0.0017991292600010311,0.002345843195474373,0.07999992370605469
2023-09-04,0.0,-0.0021608630574811993,0.0
2023-09-05,-0.004194177587506065,-0.0018483607574736327,0.0950002670288086
2023-09-06,-0.006971599351452862,0.0007309574694185361,0.021999835968017578
2023-09-07,-0.0032112659361860363,-0.009216758077153497,-0.029999732971191406
2023-09-08,0.0014266227216406246,0.0004218630448569183,-0.0020003318786621094
2023-09-11,0.006723453106275201,-0.004525675626211423,0.03000020980834961
2023-09-12,-0.005695885604828921,-0.007787614746469829,-0.024000167846679688
2023-09-13,0.0012416323054647016,-0.0065226880280802035,-0.014999866485595703
2023-09-14,0.00842991886716793,0.004532028757639139,0.03900003433227539
2023-09-15,-0.012159612938677844,-0.007807416064088413,0.03399991989135742
2023-09-18,0.0007212876971294246,0.006498473681368022,-0.0030002593994140625
2023-09-19,-0.002151010615372817,0.01034052305270805,0.046000003814697266
2023-09-20,-0.0093947947580596,0.0055049801174558155,-0.015999794006347656
2023-09-21,-0.01640093410321941,-0.010536048941473863,0.13100004196166992
2023-09-22,-0.002295598477193961,-0.005322615922269569,-0.04199981689453125
2023-09-25,0.0040230650909416354,-0.005999122411501356,0.10399961471557617
2023-09-26,-0.014734533990868215,-0.0050549540800923776,0.01600027084350586
2023-09-27,0.00022931406074522265,0.0062508803962701975,0.06799983978271484
2023-09-28,0.005893173970516585,0.002482723439602763,-0.028999805450439453
2023-09-29,-0.002709582086142026,-0.01318920414633451,-0.024000167846679688
2023-10-02,7.936755559079245e-05,0.007575248608433949,0.1100001335144043
2023-10-03,-0.013744071674259506,-0.01743999213573777,0.11899995803833008
2023-10-04,0.008109754957160709,0.007272722478314453,-0.06699991226196289
2023-10-05,-0.001304030159777203,-0.02519285941810978,-0.018000125885009766
2023-10-06,0.011814893014644445,0.004284944166345728,0.06699991226196289
2023-10-09,0.00630385429964031,-0.007436633596085929,0.013000011444091797
2023-10-10,0.005207990781392224,0.020137289254338553,-0.1419997215270996
2023-10-11,0.00429300817103373,0.0010912519329351333,-0.06000041961669922
2023-10-12,-0.00624643434611849,-0.011909449636036795,0.11700010299682617
2023-10-13,-0.005018858888767519,-0.007349097482080791,-0.08299970626831055
2023-10-16,0.01059436938392988,0.008981445707723967,0.08299970626831055
2023-10-17,-9.824505308242415e-05,-0.003152482989026484,0.13500022888183594
2023-10-18,-0.013399820506516447,-0.007877227407859344,0.05699968338012695
2023-10-19,-0.008482848196321058,-0.009541835865582882,0.0840001106262207
2023-10-20,-0.012585283719027562,-0.010832977161801094,-0.06400012969970703
2023-10-23,-0.0016855698941634634,-0.0016163599970967502,-0.08599996566772461
2023-10-24,0.007265792222727274,0.0016789509587631368,0.0020003318786621094
2023-10-25,-0.014339628627712542,0.010098165983015495,0.11299991607666016
2023-10-26,-0.011832519778109618,0.008531357285780805,-0.10800027847290039
2023-10-27,-0.004800280229768528,-0.004239720993779006,0.0
2023-10-30,0.012010022325859904,0.006197344150330242,0.03000020980834961
2023-10-31,0.006474957307233353,-0.004372808760108149,0.0
2023-11-01,0.010505999486313922,0.014796843367682833,-0.08599996566772461
2023-11-02,0.01885855702012762,0.0,-0.11999988555908203
2023-11-03,0.009393730253031363,0.029703851977535667,-0.11100006103515625
2023-11-06,0.0017529924220356374,0.007156657624648899,0.10400009155273438
2023-11-07,0.0028401189192852616,-0.008207390275036475,-0.09100008010864258
2023-11-08,0.0010049156221052513,-0.003779561458282621,-0.048000335693359375
2023-11-09,-0.008083839306732843,0.0010728035532148184,0.10700035095214844
2023-11-10,0.015616441094852496,0.003665620737783648,-0.0020003318786621094
2023-11-13,-0.0008358389332403515,-0.0032644142797472187,0.004000186920166016
2023-11-14,0.019075017703661823,0.02780261563467623,-0.19099998474121094
2023-11-15,0.0015970120755575135,0.005429255612865447,0.09399986267089844
2023-11-16,0.0011904273935798848,-0.006195667679005479,-0.08999967575073242
2023-11-17,0.0012820490603360213,0.004111774759018472,-0.004000186920166016
2023-11-20,0.007390278097329839,0.0,-0.01900005340576172
2023-11-21,-0.0020209310950652926,-0.0034319474507513714,-0.0039997100830078125
2023-11-22,0.00406112922094648,0.0031563641601304315,-0.0020003318786621094
2023-11-23,0.0,0.007395619082638971,0.0
2023-11-24,0.0005968736678840791,-0.0022826656552242808,0.0560002326965332
2023-11-27,-0.001954157460090089,-0.013561673512769379,-0.08300018310546875
2023-11-28,0.0009801185306033133,0.0026524401304715006,-0.05299997329711914
2023-11-29,-0.0009462486392383118,0.008285272708607794,-0.06500005722045898
2023-11-30,0.0037840728581564065,0.024003328459967888,0.08100032806396484
2023-12-01,0.005873742123607695,-0.002933444263294449,-0.12600040435791016
2023-12-04,-0.005408509126972105,0.0028236582894440865,0.062000274658203125
2023-12-05,-0.0005688697261614362,0.0012447129149588676,-0.11700010299682617
2023-12-06,-0.003906202808869552,-0.0003795032722232472,-0.05000019073486328
2023-12-07,0.007968189065892917,0.006587942911378208,0.008000373840332031
2023-12-08,0.00409549786994079,-0.0011710117598990877,0.11599969863891602
2023-12-11,0.003924494286698943,0.0008477077025705881,-0.006000041961669922
2023-12-12,0.00459935752021523,0.0,-0.03299999237060547
2023-12-13,0.013650676351045998,0.013386297695641147,-0.17299985885620117
2023-12-14,0.0026470624846992585,0.03387049128186326,-0.10299992561340332
2023-12-15,-7.62494933082003e-05,0.001642042872276539,-0.002000093460083008
2023-12-18,0.004528344366900416,0.010550142561178255,0.026000022888183594
2023-12-19,0.005866407818910568,-0.0006663238968797058,-0.032000064849853516
2023-12-20,-0.014684266911006771,-0.013605645755300766,-0.04499983787536621
2023-12-21,0.010301467821202559,0.010162265262908754,0.01699995994567871
2023-12-22,0.0016600585268868873,-0.0030307434654329724,0.006999969482421875
2023-12-26,0.0042316894655107795,0.007543084059102645,-0.015000104904174805
2023-12-27,0.0014304577464787638,-0.003313147427822405,-0.0969998836517334
2023-12-28,0.0003701746080437829,-0.0015645505371814084,0.06099987030029297
2023-12-29,-0.0028264750133749628,-0.0013603525877288192,0.016000032424926758
2024-01-02,-0.005660579005492328,-0.007071530092138789,0.08000016212463379
2024-01-03,-0.008016314922730805,-0.022004055256624855,-0.03900003433227539
2024-01-04,-0.0034283812973570083,-0.005736568433242106,0.0839998722076416
2024-01-05,0.0018256861788026324,0.014182700137378434,0.05099987983703613
2024-01-08,0.014114629309846638,-0.0003044763868135236,-0.039999961853027344
2024-01-09,-0.0014779006799081618,-0.019049060105255755,0.017000198364257812
2024-01-10,0.00566597189372442,0.003867008699493635,0.01100015640258789
2024-01-11,-0.0006710555783868699,0.002170661748194691,-0.05300021171569824
2024-01-12,0.0007509755941104146,0.0030361491285426645,-0.026999950408935547
2024-01-15,0.0,-0.0019055299425868588,0.0
2024-01-16,-0.0037313402367431525,-0.006784211239020843,0.11599993705749512
2024-01-17,-0.005616897183990499,-0.007490065825333736,0.039999961853027344
2024-01-18,0.008805260963896,-6.946926977235979e-05,0.03800010681152344
2024-01-19,0.012313502764936146,0.013603356462804639,0.0019998550415039062
2024-01-22,0.0021943252026270788,-0.014147203900212846,-0.05200004577636719
2024-01-23,0.002921374261968035,0.015279414484182352,0.048000335693359375
2024-01-24,0.0008119284117831249,-0.0015016811481269876,0.03599977493286133
2024-01-25,0.005260365527706368,0.013362063041127081,-0.046000003814697266
2024-01-26,-0.0006517852510764532,0.012389738650222526,0.0279998779296875
2024-01-29,0.007556774896180896,0.005625655053673517,-0.0689997673034668
2024-01-30,-0.0006006499345398986,0.00632104134546263,-0.032000064849853516
2024-01-31,-0.016105744611597972,-0.002856918235150774,-0.09200000762939453
2024-02-01,0.012493688211609788,0.007936107529249448,-0.10400009155273438
2024-02-02,0.01068444607751462,0.006894426015476407,0.1700000762939453
2024-02-05,-0.0031863375266721894,0.0,0.13100004196166992
2024-02-06,0.0023104108269635937,0.007190032129900548,-0.07399988174438477
2024-02-07,0.008241457963390042,0.0011330674522493922,0.019999980926513672
2024-02-08,0.0005705832608251526,-0.016171000341378416,0.059999942779541016
2024-02-09,0.0057423415255595245,-0.007529830728431386,0.01699972152709961
2024-02-12,-0.0009489536011326738,0.0015882566176790291,-0.014999866485595703
2024-02-13,-0.013674255653625456,-0.00890935931052883,0.14400005340576172
2024-02-14,0.009579763275017639,0.0060006772289953325,-0.048999786376953125
2024-02-15,0.005821250684729495,5.977234107246154e-05,-0.02700042724609375
2024-02-16,-0.0048034698371121065,-0.0020921798161142036,0.05500030517578125
2024-02-19,0.0,0.006265152996549839,0.0
2024-02-20,-0.006005322001165325,-0.00456390110435545,-0.019999980926513672
2024-02-21,0.001264199922982101,-0.0036108515029469324,0.04999971389770508
2024-02-22,0.02112288421741404,0.002239510860302163,0.0020003318786621094
2024-02-23,0.0003479475462115911,-0.00855539018084328,-0.06699991226196289
2024-02-26,-0.003786751350190576,-0.008208324505862064,0.03899955749511719
2024-02-27,0.0017063496993998672,0.0008241432830375928,0.01600027084350586
2024-02-28,-0.001658155060430544,-0.015832246585983478,-0.0409998893737793
2024-02-29,0.005229094697149161,0.0011452561356737334,-0.02200031280517578
2024-03-01,0.00800782894888763,0.0022073900548598147,-0.07200002670288086
2024-03-04,-0.0011932620709189656,-0.0013294368592400296,0.03900003433227539
2024-03-05,-0.010193100883444606,0.00024812660189743596,-0.0819997787475586
2024-03-06,0.005141103203274655,-0.003456222820576338,-0.03299999237060547
2024-03-07,0.010304127925951478,-0.004251162399618202,-0.012000083923339844
2024-03-08,-0.0065285190034379825,-0.0020617811998564495,-0.0029997825622558594
2024-03-11,-0.001122238087346461,0.002550838109666387,0.014999866485595703
2024-03-12,0.011201787981366396,-0.0032168546274059517,0.051000118255615234
2024-03-13,-0.0019245297153407392,0.017300322588426065,0.03699970245361328
2024-03-14,-0.0028710915621273925,0.003769880016271543,0.10599994659423828
2024-03-15,-0.006482917484461503,0.0030171057121402,0.006000041961669922
2024-03-18,0.006318059504952345,0.0,0.03600025177001953
2024-03-19,0.0056491496501236416,-0.01209936871590267,-0.043000221252441406
2024-03-20,0.008904173912846591,0.019261540504121433,-0.024000167846679688
2024-03-21,0.0032365354015160275,0.000696415969106523,-0.0019998550415039062
2024-03-22,-0.0014021878490156903,-0.0008278231876673869,-0.05299997329711914
2024-03-25,-0.0030549644525015296,-0.0010245442096208368,0.034999847412109375
2024-03-26,-0.002799795225030266,0.01162034750594887,-0.018999576568603516
2024-03-27,0.008630626525532925,0.0027847113719448036,-0.03800010681152344
2024-03-28,0.0011164855071790214,0.0,0.009999752044677734
2024-04-01,-0.0020135845401164643,0.004954220780259755,0.1230001449584961
2024-04-02,-0.0072390590731691296,-0.001238818266024344,0.03599977493286133
2024-04-03,0.001091122364688113,-0.001361853173165395,-0.009999752044677734
2024-04-04,-0.012334336350379616,0.006597369122527397,-0.046000003814697266
2024-04-05,0.011099194174331695,0.0036224893435254923,0.0689997673034668
2024-04-08,-0.00037463099831791524,-0.0017644292014378227,0.046000003814697266
2024-04-09,0.0014454931932483817,-0.007221820864003581,-0.057999610900878906
2024-04-10,-0.009456980649108493,-0.016233988731606197,0.1939997673034668
2024-04-11,0.007444797710585593,0.0034214881983900547,0.01600027084350586
2024-04-12,-0.01455068829580164,-0.004652418568927952,-0.07700014114379883
2024-04-15,-0.01202135494776202,-0.010287499181679371,0.1289997100830078
2024-04-16,-0.0020565070133361507,-0.003335774507001954,0.031000137329101562
2024-04-17,-0.005780602724641426,-0.0068383046431499395,-0.07399988174438477
2024-04-18,-0.002208160119998248,0.005841996608445976,0.06199979782104492
2024-04-19,-0.00875854812743615,0.0022142651206149555,-0.032000064849853516
2024-04-22,0.008731248071466746,0.012334616936428455,0.008000373840332031
2024-04-23,0.011964576270872662,0.0014473707295690197,-0.02500009536743164
2024-04-24,0.0002130100613548791,-0.0029975362526761806,0.053999900817871094
2024-04-25,-0.004576430353515626,0.010764258552239614,0.053999900817871094
2024-04-26,0.01020914263474304,0.013352839105578163,-0.03699970245361328
2024-04-29,0.0031784486665891176,-0.00010361038281403445,-0.05500030517578125
2024-04-30,-0.01573051358686217,-0.01901987931314464,0.07200002670288086
2024-05-01,-0.0034354388154940185,0.0,-0.09100008010864258
2024-05-02,0.009128437077573048,-0.0008977877773748144,-0.023999691009521484
2024-05-03,0.012556739721478527,0.008084593873250556,-0.0710000991821289
2024-05-06,0.01032612390701182,0.0025848748313606063,-0.01100015640258789
2024-05-07,0.0013434298232750663,-0.0030485320436826058,-0.026000022888183594
2024-05-08,-5.835618166138978e-06,-0.0004783946078347201,0.029000282287597656
2024-05-09,0.005090947698625836,0.013403376342390638,-0.043000221252441406
2024-05-10,0.001649398844549843,-0.0022134441374456193,0.05500030517578125
2024-05-13,-0.00024130405535727206,0.0002266541182356363,-0.023000240325927734
2024-05-14,0.004837813139759728,-0.008650149226948955,-0.03599977493286133
2024-05-15,0.011715927882596233,0.0038948695766423125,-0.08900022506713867
2024-05-16,-0.0020816677921287052,0.0001309456711442447,0.020999908447265625
2024-05-17,0.0011647735102702228,0.0021041016386051936,0.043000221252441406
2024-05-20,0.0009163899374069473,-0.0032960529582665155,0.01699972152709961
2024-05-21,0.002501874243978186,-0.011021542700174525,-0.02299976348876953
2024-05-22,-0.002706123039226127,-0.005790756481567683,0.019999980926513672
2024-05-23,-0.0073807894850155265,-0.00910214168039536,0.0409998893737793
2024-05-24,0.0070010425881694704,-0.009035630545497275,-0.007999897003173828
2024-05-27,0.0,0.0007174801150928722,0.0
2024-05-28,0.0002488018529340774,-0.004831664158554627,0.07499980926513672
2024-05-29,-0.007367046509680453,0.0005017927286701251,0.0820002555847168
2024-05-30,-0.005975035585443322,0.0025341654948241032,-0.07000017166137695
2024-05-31,0.00802787620486467,-0.003131206883715265,-0.039999961853027344
2024-06-03,0.0011160825806737495,-0.061104277714281285,-0.1119999885559082
2024-06-04,0.0015028090913065117,0.03239045828638787,-0.06599998474121094
2024-06-05,0.011847649793331305,0.01729232279791315,-0.04699993133544922
2024-06-06,-0.00019981663563317653,0.0012265696304232243,-0.007999897003173828
2024-06-07,-0.0011152197300303701,-0.027533138833182647,0.14899969100952148
2024-06-10,0.0025808546645145203,0.0027418867478226083,0.03900003433227539
2024-06-11,0.0027103813151374556,0.00021611279337729883,-0.06500005722045898
2024-06-12,0.008503672791998707,-0.0029767718283919553,-0.10899972915649414
2024-06-13,0.0023446558536817097,-0.01321812959137958,-0.057000160217285156
2024-06-14,-0.000393860697500914,-0.0010082520796086403,-0.02500009536743164
2024-06-17,0.007664386564552705,0.0033368057755387426,0.06599998474121094
2024-06-18,0.0025213273947457537,0.015154450869309999,-0.06199979782104492
2024-06-19,0.0,0.002483887739994861,0.0
2024-06-20,-0.0025259318472709014,0.00018116176925531136,0.037000179290771484
2024-06-21,-0.001562130321101196,-0.010210018767684459,0.0029997825622558594
2024-06-24,-0.003065171894990004,-0.005220641688057026,-0.008999824523925781
2024-06-25,0.003933590015736899,0.001735585110953064,-0.010000228881835938
2024-06-26,0.0015724312002203256,-0.002586094806000916,0.07800006866455078
2024-06-27,0.0009073212238914774,-0.00299326725189919,-0.0279998779296875
2024-06-28,-0.004083652583445674,0.002467142477160733,0.05499982833862305
2024-07-01,0.0026755639309195,0.008465847700255713,0.1360001564025879
2024-07-02,0.006195317856513505,-0.0177006027937342,-0.043000221252441406
2024-07-03,0.005084444409779065,0.016331194270700955,-0.08099985122680664
2024-07-04,0.0,-0.002678412289932597,0.0
2024-07-05,0.005448765178485582,-0.006109435250580053,-0.08300018310546875
2024-07-08,0.0010166989647510949,0.01097834046873225,-0.0029997825622558594
2024-07-09,0.0007410719362856977,0.008016172624948359,0.031000137329101562
2024-07-10,0.010208065293514812,0.01777682657870905,-0.019999980926513672
2024-07-11,-0.008763028841120457,0.002629168310166685,-0.08700037002563477
2024-07-12,0.0055170270744306915,0.009748149302948539,-0.0039997100830078125
2024-07-15,0.0028262026252154904,-0.011666693678332063,0.039999961853027344
2024-07-16,0.006389375498743188,0.0012189412889318518,-0.062000274658203125
2024-07-17,-0.013927543241993745,-0.01164823874920562,-0.020999908447265625
2024-07-18,-0.007816403936922511,-0.013057663156829769,0.043000221252441406
2024-07-19,-0.007140265531926926,0.011981213944347147,0.04999971389770508
2024-07-22,0.01079203564940956,0.006117947115862776,0.021000385284423828
2024-07-23,-0.001558102589770738,-0.005539726823211022,-0.021000385284423828
2024-07-24,-0.02314909375473495,-0.010041907223419355,0.04699993133544922
2024-07-25,-0.005142620237842288,-0.00444886468872896,-0.029999732971191406
2024-07-26,0.011090468702846357,-0.0021214622953931173,-0.0560002326965332
2024-07-29,0.0008133101292933098,-0.005751596013906957,-0.021999835968017578
2024-07-30,-0.004960171878030217,-0.003624803258544307,-0.034999847412109375
2024-07-31,0.0157933986591674,0.015507146233591618,-0.03399991989135742
2024-08-01,-0.013693502993456064,-0.01353786520077771,-0.13300013542175293
2024-08-02,-0.018381860868696753,-0.00334051848608774,-0.18400001525878906
2024-08-05,-0.02996879838863975,-0.008918017273602086,-0.006999969482421875
2024-08-06,0.010354085880061037,0.012035357209652542,0.10299992561340332
2024-08-07,-0.007734647858502863,0.005367777160277809,0.07999992370605469
2024-08-08,0.023042611519136447,0.0037139143323858814,0.029000043869018555
2024-08-09,0.004671676849538509,0.0033093739789102905,-0.05500006675720215
2024-08-12,4.303397765514916e-05,-0.0002108798386946109,-0.03299999237060547
2024-08-13,0.016847579753558328,0.011950291383402867,-0.056999921798706055
2024-08-14,0.0038237284285767004,0.0008337339103583474,-0.032000064849853516
2024-08-15,0.016133247764330783,0.010163502156878224,0.10600018501281738
2024-08-16,0.001989779357261412,-0.0033380795316956258,-0.03400015830993652
2024-08-19,0.009722284736913167,0.000386408587139897,-0.02499985694885254
2024-08-20,-0.0019845553982971165,-0.002100023406593654,-0.04900002479553223
2024-08-21,0.004239676828782013,-0.002339797149571443,-0.039999961853027344
2024-08-22,-0.008932805548120926,-0.010183495679389587,0.0839998722076416
2024-08-23,0.01148337085011919,0.003277102621909167,-0.05500006675720215
2024-08-26,-0.0031537266931381813,-0.005975093904660778,0.01100015640258789
2024-08-27,0.0015951960865450143,-0.013108573372255239,0.014999866485595703
2024-08-28,-0.00597597320797616,-0.0006562735350476023,0.00800013542175293
2024-08-29,-3.937906806072977e-05,0.013331265488814692,0.026000022888183594
2024-08-30,0.010093051774424433,-0.004242855590743999,0.04399991035461426
2024-09-02,0.0,-0.007939771395768513,0.0
2024-09-03,-0.02115107439771169,-0.017220400935981095,-0.06699991226196289
2024-09-04,-0.0016025435809103872,0.004302223414865525,-0.07600021362304688
2024-09-05,-0.003018017615584734,-0.002893006338874571,-0.03699994087219238
2024-09-06,-0.01726024985928465,-0.01118897594987922,-0.020999908447265625
2024-09-09,0.0115800702824842,0.001029871393777304,-0.013000011444091797
2024-09-10,0.004472672652839682,-0.003186429216973208,-0.051000118255615234
2024-09-11,0.010665025888896507,0.004368035351973276,0.0070002079010009766
2024-09-12,0.007495302358939249,0.015703814593416965,0.026999950408935547
2024-09-13,0.005407711405364557,0.000329253509502081,-0.029999971389770508
2024-09-16,0.0012566297656613212,0.0,-0.029000043869018555
2024-09-17,0.00026455008109871336,0.0049345487046941194,0.020999908447265625
2024-09-18,-0.002896455862498093,0.005918088325054471,0.042999982833862305
2024-09-19,0.01697685316676334,0.0063737164982073935,0.05500006675720215
2024-09-20,-0.0019410273951238066,-0.013748782204319854,-0.012000083923339844
2024-09-23,0.0028092730585327352,0.004440614656513242,0.01100015640258789
2024-09-24,0.0025111788443470395,0.023495962360320366,-0.003000020980834961
2024-09-25,-0.0018612489301417234,-0.008629738127239106,0.04499983787536621
2024-09-26,0.00403867571712313,0.007512368106698197,0.009999990463256836
2024-09-27,-0.0012532169669905446,-0.015158420992285815,-0.04199981689453125
2024-09-30,0.004236552581176722,-0.005700672893001801,0.05299997329711914
2024-10-01,-0.009324107094664358,0.0,-0.05900001525878906
2024-10-02,0.00013839090212397487,-0.0052906803678286485,0.04200005531311035
2024-10-03,-0.001681413492255035,-0.010059856561865477,0.06499981880187988
2024-10-04,0.008970249395274354,0.018100442659366944,0.13100004196166992
2024-10-07,-0.009586022165882668,-0.010834468668137753,0.04500007629394531
2024-10-08,0.009689347495581924,-0.005288838403426754,0.006999969482421875
2024-10-09,0.007113411987488272,0.002018752544947322,0.03399991989135742
2024-10-10,-0.002070122839989974,0.010066649094400804,0.029000282287597656
2024-10-11,0.006051847587953629,8.343168927926747e-05,-0.023000240325927734
2024-10-14,0.0077076668832223305,-0.00754013426535427,0.02500009536743164
2024-10-15,-0.007609466332438197,0.0072535986107729045,-0.059999942779541016
2024-10-16,0.004679145956573816,0.0020207011680166698,-0.02200031280517578
2024-10-17,-0.00017116047891174713,-0.0003803269874299575,0.08000040054321289
2024-10-18,0.00397155273894878,0.010745756530729622,-0.023000240325927734
2024-10-21,-0.0018227694906369774,-0.004009275861103667,0.10900020599365234
2024-10-22,-0.0004748538883844189,-0.008447040122645522,0.021999835968017578
2024-10-23,-0.009191323428069387,-0.004326296760834514,0.03800010681152344
2024-10-24,0.002145772011323821,-0.006646646766631292,-0.04200029373168945
2024-10-25,-0.00029944716993013376,-0.00021682300673853128,0.032000064849853516
2024-10-28,0.0026514435020339455,0.0006174195438592989,0.046000003814697266
2024-10-29,0.001614127248163344,-0.012544541176224056,-0.0039997100830078125
2024-10-30,-0.003300233889343751,-0.005649242627248641,-0.008000373840332031
2024-10-31,-0.018614700871699585,-0.004249198802908971,0.018000125885009766
2024-11-01,0.004092509543626166,-0.0007631139831056899,0.07700014114379883
2024-11-04,-0.002812083478299976,0.0051389994484283275,-0.05200004577636719
2024-11-05,0.012265644545291332,-0.0010028458620613412,-0.019999980926513672
2024-11-06,0.025295927786425976,0.01772422633690174,0.13700008392333984
2024-11-07,0.007431229727488331,0.011184799195983475,-0.08500003814697266
2024-11-08,0.0037568333092317108,-0.008906454745335024,-0.034999847412109375
2024-11-11,0.0009690634297987444,-0.007633154123862229,0.0019998550415039062
2024-11-12,-0.00289265965137242,-0.006857006280590716,0.12400007247924805
2024-11-13,0.00023222772482434095,-0.006830423966839749,0.01900005340576172
2024-11-14,-0.006049734794859041,-0.0038291505768472955,-0.03299999237060547
2024-11-15,-0.013203489851361216,-0.0016598351044500026,0.009999752044677734
2024-11-18,0.003917814394541086,0.0,-0.01399993896484375
2024-11-19,0.003963584828470035,-0.004894054766788614,-0.034999847412109375
2024-11-20,2.195086225209586e-05,-0.001065650644236027,0.026999950408935547
2024-11-21,0.0053404615405816536,0.00011484647206816412,0.026000022888183594
2024-11-22,0.003467959094991535,0.0050898004065176305,-0.02200031280517578
2024-11-25,0.003020480305938378,-0.0044187935245972865,-0.14499998092651367
2024-11-26,0.005722005647630368,-0.009666508416142583,0.037000179290771484
2024-11-27,-0.003801238017440034,0.0013267557005007813,-0.059999942779541016
2024-11-28,0.0,0.003082063399981294,0.0
2024-11-29,0.005607785488815242,-0.0025756034529621497,-0.06400012969970703
2024-12-02,0.0024484564662998753,0.01207587556998746,0.018000125885009766
2024-12-03,0.0004514491145146682,0.00820972959302435,0.026999950408935547
2024-12-04,0.006051417924264779,0.008297428608690982,-0.043000221252441406
2024-12-05,-0.0018697756269248078,0.009893483579852314,0.0
2024-12-06,0.0024954538421815275,-0.00788377079690028,-0.028999805450439453
2024-12-09,-0.006144213927296471,0.016395298301833172,0.04799985885620117
2024-12-10,-0.002963883313944371,-0.015585128271376258,0.02200031280517578
2024-12-11,0.008165786048233592,-0.0018115071532711635,0.04999971389770508
2024-12-12,-0.005414022527810203,0.0,0.05299997329711914
2024-12-13,-2.6466639124200775e-05,0.006542736182661102,0.07500028610229492
2024-12-16,0.0037993543260221863,-0.014922976428595636,-0.0020003318786621094
2024-12-17,-0.003863994965801476,-0.006865167336101208,-0.01199960708618164
2024-12-18,-0.02949284635160343,-0.01053257144695885,0.10899972915649414
2024-12-19,-0.0008651123249070469,-0.014288471606414666,0.07600021362304688
2024-12-20,0.010869123768910471,0.006735270847886277,-0.046000003814697266
2024-12-23,0.007287273468533639,-0.0027289907807346303,0.07499980926513672
2024-12-24,0.01104275925539211,-0.0027152095655507136,-0.007999897003173828
2024-12-26,-0.00040565878647391695,0.004439822242358504,-0.012000083923339844
2024-12-27,-0.011055736101235558,-0.004945940055080311,0.039999961853027344
2024-12-30,-0.010701995701766776,-0.009187544399490655,-0.07399988174438477
2024-12-31,-0.004284800394927402,0.013832562178183183,0.0279998779296875
2025-01-02,-0.0022238866412221947,0.0050881246559773,0.0019998550415039062
2025-01-03,0.01259602672149196,-0.016235460727254236,0.021000385284423828
2025-01-06,0.005538045085450305,0.010954872687444883,0.021999835968017578
2025-01-07,-0.01110391288210788,0.011959968591241044,0.06500005722045898
2025-01-08,0.001560360190925314,-0.009009359620049673,0.009999752044677734
2025-01-09,0.0,0.0034995830044628473,0.0
2025-01-10,-0.01541164380306681,-0.004241525145249225,0.08300018310546875
2025-01-13,0.0015754440882007614,0.004703327740040564,0.026999950408935547
2025-01-14,0.0011462798112440442,0.0002815825566817587,-0.014999866485595703
2025-01-15,0.018312792279639112,0.008001762373605725,-0.13500022888183594
2025-01-16,-0.0021126894641922966,-0.005865341353443743,-0.04699993133544922
2025-01-17,0.009991058969353706,-0.00014530693783543214,0.0030002593994140625
2025-01-20,0.0,0.005214758572399836,0.0
2025-01-21,0.008768227105582893,0.004958861733124875,-0.03500032424926758
2025-01-22,0.006137941522227575,0.009798093992172241,0.02500009536743164
2025-01-23,0.00531348622041139,0.002165726664362211,0.03900003433227539
2025-01-24,-0.002855132319398823,0.005923004008322241,-0.012000083923339844
2025-01-27,-0.014580715690809543,0.006428308531732041,-0.09800004959106445
2025-01-28,0.009217869449967608,-0.0029308523353295257,0.023000240325927734
2025-01-29,-0.004678895760321544,0.00038459188767303587,0.0039997100830078125
2025-01-30,0.005275414405311762,0.00959094669911531,-0.0429997444152832
2025-01-31,-0.005046825754019935,-0.016152059788377526,0.05699968338012695
2025-02-03,-0.007608597684666707,0.0,-0.02599954605102539
2025-02-04,0.007224881828679752,0.013283049725240303,-0.03000020980834961
2025-02-05,0.003908672930614365,-0.006158414595368034,-0.09100008010864258
2025-02-06,0.003644298722618622,0.02141930495367772,0.018000125885009766
2025-02-07,-0.009464770111542897,0.0027140296153891352,0.04699993133544922
2025-02-10,0.006712541085862833,0.0020896591344765625,0.006000041961669922
2025-02-11,0.00033958278885926063,0.009891141427875505,0.04400014877319336
2025-02-12,-0.0027238667143857365,0.011488480387499722,0.09999990463256836
2025-02-13,0.010426292122230674,0.0017458498135660694,-0.1119999885559082
2025-02-14,-7.194380749464546e-05,-0.0015171307757352315,-0.05299997329711914
2025-02-17,0.0,0.00395168923211453,0.0
2025-02-18,0.0024449877750611915,0.0034093214741564015,0.07200002670288086
2025-02-19,0.0023769693899173827,-0.006979613216506864,-0.009000301361083984
2025-02-20,-0.0043341850761716705,0.0038342207687691587,-0.034999847412109375
2025-02-21,-0.01706412670256352,-0.010407712494333476,-0.07999992370605469
2025-02-24,-0.00496910650440241,-0.000638287664860071,-0.026999950408935547
2025-02-25,-0.004679730915472358,-0.012180016800575011,-0.0950002670288086
2025-02-26,0.00013602428004699796,0.00464432212218302,-0.048999786376953125
2025-02-27,-0.015864553655509872,-0.01292953261802765,0.03599977493286133
2025-02-28,0.01585414463498891,-0.00535813943265695,-0.053999900817871094
2025-03-03,-0.0175967394669998,-0.004665785318483162,-0.051000118255615234
2025-03-04,-0.012234826602200433,0.005820269833532787,0.03000020980834961
2025-03-05,0.011159277893187936,0.0061979847414948,0.05499982833862305
2025-03-06,-0.017819007085749905,0.00203059137787176,0.020999908447265625
2025-03-07,0.00552061780274804,0.0004392424646508797,0.031000137329101562
2025-03-10,-0.0269730913054258,-0.021059004823335892,-0.10400009155273438
2025-03-11,-0.007567865323653167,-0.004179630074759411,0.07500028610229492
2025-03-12,0.004886869929446425,0.010295574324923784,0.029999732971191406
2025-03-13,-0.013890984206835322,-0.0031492590091393158,-0.043999671936035156
2025-03-14,0.021265869083087807,0.011703813616657177,0.03399991989135742
2025-03-17,0.006416130719105961,0.0,-0.0019998550415039062
2025-03-18,-0.010653512117636543,0.005507154820758808,-0.02500009536743164
2025-03-19,0.010798495567894584,0.005446718238456549,-0.02500009536743164
2025-03-20,-0.0021848931523151816,0.0007551042418572074,-0.023000240325927734
2025-03-21,0.0008246534476661349,-0.008067788490822125,0.01900005340576172
2025-03-24,0.017646000146633645,4.590578264540568e-05,0.07899999618530273
2025-03-25,0.0015743334544251475,0.01003176994116095,-0.023999691009521484
2025-03-26,-0.011156934922627149,-0.007450127697909759,0.03099966049194336
2025-03-27,-0.003306980860763864,0.012703790136289639,0.031000137329101562
2025-03-28,-0.01973722070834405,-0.005698998144744949,-0.11399984359741211
2025-03-31,0.005538521570653376,-0.012949043069933941,-0.009000301361083984
2025-04-01,0.0037812354559083605,0.016261370373683803,-0.08999967575073242
2025-04-02,0.006728194715792668,0.008681092873251695,0.039999961853027344
2025-04-03,-0.04839563335990149,0.005359601853999196,-0.14100027084350586
2025-04-04,-0.05974960534553109,-0.04874442256061595,-0.06999993324279785
2025-04-07,-0.0023314724921273955,-0.01932667415685463,0.17000031471252441
2025-04-08,-0.015700524562941354,-0.002808862202947515,0.10699987411499023
2025-04-09,0.09515387644904849,0.043943399942566685,0.1380000114440918
2025-04-10,-0.03460757958472693,-0.01928224736307138,-0.006000041961669922
2025-04-11,0.018092095201708958,-0.0003090736782815906,0.0989999771118164
2025-04-14,0.007944712390868913,0.01732955756486909,-0.12900018692016602
2025-04-15,-0.0017277808903947145,0.004803989446612311,-0.0409998893737793
2025-04-16,-0.0224083715440897,0.0071335404772918665,-0.04400014877319336
2025-04-17,0.0013268380955802073,0.0,0.0540003776550293
2025-04-21,-0.023567493023827546,0.013960762863601595,0.07200002670288086
2025-04-22,0.025117204723895226,0.01895672506801227,-0.01600027084350586
2025-04-23,0.01666113847096007,0.0180499684556803,-0.0019998550415039062
2025-04-24,0.020259113708281262,0.011035675770181497,-0.0820002555847168
2025-04-25,0.007373133469998461,0.005996968779929723,-0.03900003433227539
2025-04-28,0.0006407067039131409,0.004584048966860266,-0.04999971389770508
2025-04-29,0.005802410694099036,-0.023985541012001677,-0.043000221252441406
2025-04-30,0.00147999135976562,0.011613230223870952,0.004000186920166016
2025-05-01,0.006299102138585644,0.0,0.053999900817871094
2025-05-02,0.01472657412963474,-0.007950563157079094,0.09100008010864258
2025-05-05,-0.006381597588933863,0.00043001514081630887,0.020999908447265625
2025-05-06,-0.007693239651855532,0.027112260216917372,-0.034999847412109375
2025-05-07,0.00434635623313584,0.01054166193283601,-0.03299999237060547
2025-05-08,0.005799775094835535,-0.018766980284334545,0.09800004959106445
2025-05-09,-0.0007114809122162891,-0.00554949889376144,0.0019998550415039062
2025-05-12,0.032558782749008364,0.003791228382586498,0.0819997787475586
2025-05-13,0.0072482009835321826,0.010428167157858992,0.04200029373168945
2025-05-14,0.001024415597859818,0.005010716088025058,0.028999805450439453
2025-05-15,0.004132332074135769,0.00546062388252988,-0.07299995422363281
2025-05-16,0.007005272294898557,0.00047311953182993527,-0.01399993896484375
2025-05-19,0.0008761131291423752,0.00873038391863279,0.03399991989135742
2025-05-20,-0.0038802294486252054,-0.003115603071607742,0.006000041961669922
2025-05-21,-0.01613513066101424,0.0044050458297064665,0.11500024795532227
2025-05-22,-0.00044487103794299543,-0.011494182344497839,-0.043000221252441406
2025-05-23,-0.006708297825321674,0.008904955200952358,-0.04400014877319336
2025-05-26,0.0,0.0008352808171976367,0.0
2025-05-27,0.0204590558452733,0.002303624759405709,-0.07499980926513672
2025-05-28,-0.005571225417268844,0.0024239967680041996,0.043000221252441406
2025-05-29,0.004011194261904327,-0.0020677184269085602,-0.053000450134277344
2025-05-30,-8.118516130162234e-05,-0.013183084977570259,-0.007999897003173828
2025-06-02,0.0041020419271569075,-0.0023548920197254963,0.046000003814697266
2025-06-03,0.005800290454605506,-0.0011508466043527177,-0.0019998550415039062
2025-06-04,7.36874595066439e-05,-0.002681354512001577,-0.0950002670288086
2025-06-05,-0.005277383403094138,0.005096480798465031,0.029000282287597656
2025-06-06,0.010280683010067904,0.004914057073888811,0.11600017547607422
2025-06-09,0.0009199480792858594,-0.004271877815790526,-0.028000354766845703
2025-06-10,0.00548298940767844,0.004931952048026211,-0.007999897003173828
2025-06-11,-0.002743888954607865,-0.005700379991715354,-0.06199979782104492
2025-06-12,0.0038224199557175265,0.0010803711765057233,-0.05500030517578125
2025-06-13,-0.011296379879250695,-0.00676413174909396,0.06699991226196289
2025-06-16,0.009392659896159117,-0.0068197858663405775,0.028000354766845703
2025-06-17,-0.008352184790166306,-0.006486444735597674,-0.05900001525878906
2025-06-18,-0.0003092402101070313,0.0009307155854747506,0.0039997100830078125
2025-06-19,0.0,-0.011659001691825988,0.0
2025-06-20,-0.002178658486505891,0.0035052202435805757,-0.021999835968017578
2025-06-23,0.009606504133156335,-0.003281504046061312,-0.05499982833862305
2025-06-24,0.01112172017970181,0.011826354552416873,-0.026999950408935547
2025-06-25,-3.2861029504172024e-06,0.003346830709582971,0.0
2025-06-26,0.008020121275230219,0.009502365608484276,-0.04000043869018555
2025-06-27,0.005218970885222163,-0.0014385532963062664,0.03000020980834961
2025-06-30,0.005164427424532603,0.0010344245293787413,-0.05299997329711914
2025-07-01,-0.001118531087121899,0.006317421302505455,0.020999908447265625
2025-07-02,0.004745096791088033,0.0092174921951107,0.04200029373168945
2025-07-03,0.008338955206607324,-0.007810730037839497,0.05499982833862305
2025-07-04,0.0,0.001498910971746259,0.0
2025-07-07,-0.007862297279128794,-0.009561653724047048,0.04699993133544922
2025-07-08,-0.0007158868810946961,-0.004180841460668772,0.019999980926513672
2025-07-09,0.0060621034026635545,-0.008670032577517639,-0.07299995422363281
2025-07-10,0.0027462050044453346,0.0009236487571329111,0.004000186920166016
2025-07-11,-0.0032975229626984737,-0.0025775513179865372,0.07699966430664062
2025-07-14,0.001407413809457303,-0.004081315993526791,0.004000186920166016
2025-07-15,-0.003956298214731202,0.0021332963333722255,0.06199979782104492
2025-07-16,0.003193657417327689,0.00035637162097912345,-0.03399991989135742
2025-07-17,0.00537376740890938,0.003749936570059953,0.007999897003173828
2025-07-18,-9.048620868445933e-05,-0.0077840653157030815,-0.03099966049194336
2025-07-21,0.001399134882868358,-0.007679437523371302,-0.059999942779541016
2025-07-22,0.0006375316336257875,-0.005793063252004682,-0.03600025177001953
2025-07-23,0.007811886951519131,0.01731137932303395,0.05200004577636719
2025-07-24,0.0006982236416543941,0.009862090363118137,0.019999980926513672
2025-07-25,0.00397432777929585,0.005036164860535264,-0.021999835968017578
2025-07-28,0.00017685810881817865,-0.004179499389562635,0.03399991989135742
2025-07-29,-0.002959442388724254,0.012914798488591783,-0.09000015258789062
2025-07-30,-0.0012494327466496813,-0.007349082428733222,0.046000003814697266
2025-07-31,-0.0036948193411530106,3.6206885052347815e-05,-0.015999794006347656
2025-08-01,-0.015992133140148468,-0.008673821124047021,-0.1400003433227539
2025-08-04,0.01473710033091602,-0.004390303779556515,-0.019999980926513672
2025-08-05,-0.004857865996303334,0.007436803683125159,-0.0039997100830078125
2025-08-06,0.007281907295092482,0.0014483598886512183,0.023999691009521484
2025-08-07,-0.0007974800154801898,0.01936270288446562,0.024000167846679688
2025-08-08,0.007799715348974834,-0.0032733291160416123,0.0409998893737793
2025-08-11,-0.0025041278217863283,0.004696029130704105,-0.012000083923339844
2025-08-12,0.01134543584661274,0.005693377143134448,0.020000457763671875
2025-08-13,0.0032300788824048965,-0.003365464312510391,-0.05500030517578125
2025-08-14,0.00030309080129242716,-0.0053063213740204285,0.05500030517578125
2025-08-15,-0.0028971350972291088,0.002633971625876086,0.034999847412109375
2025-08-18,-0.00010076318078544588,-1.3395808705962686e-05,0.013000011444091797
2025-08-19,-0.005858103118756786,0.002453542210725246,-0.03900003433227539
2025-08-20,-0.0024316693228262354,-0.004127759150218013,-0.006000041961669922
2025-08-21,-0.004004181529308926,0.007600289197444932,0.03399991989135742
2025-08-22,0.015186444876893468,0.009571662652810176,-0.06999969482421875
2025-08-25,-0.004266385548063467,-0.012382365777293236,0.014999866485595703
2025-08-26,0.004133995191134998,-0.0061500662649254245,-0.017000198364257812
2025-08-27,0.0023909843081744153,0.008861170493486892,-0.019999980926513672
2025-08-28,0.0031567194195349924,0.008596444662614555,-0.031000137329101562
2025-08-29,-0.00639818429357164,-0.007486183229951093,0.020000457763671875
2025-09-01,0.0,0.0026601074635508315,0.0
2025-09-02,-0.006922279936861564,0.014997828719406359,0.04999971389770508
2025-09-03,0.0051000736279842585,-0.001611916531817248,-0.06599998474121094
2025-09-04,0.008346486409699372,0.0036218791914137682,-0.034999847412109375
2025-09-05,-0.003165152978388819,0.010224903108166261,-0.09000015258789062
2025-09-08,0.0021059789159529885,0.0028108576351633108,-0.039999961853027344
2025-09-09,0.0026881536531127015,0.0004908433340273799,0.0279998779296875
2025-09-10,0.002983469943562689,-0.0031368047812663225,-0.04199981689453125
2025-09-11,0.008485890387959882,0.01759631256436367,-0.020999908447265625
2025-09-12,-0.00048276131466740146,0.003986174138434828,0.04999971389770508
2025-09-15,0.004706619226962694,0.004906030639051373,-0.026999950408935547
2025-09-16,-0.0012879303382402618,0.0,-0.007999897003173828
2025-09-17,-0.0009701681605103207,-0.008146233412766102,0.05000019073486328
2025-09-18,0.004789119185128365,-0.004420420664185576,0.0279998779296875
2025-09-19,0.004885418870829605,-0.0020168252220486016,0.034999847412109375
2025-09-22,0.004410046474333074,0.013134580123696171,0.004000186920166016
2025-09-23,-0.005502159197012135,0.005871901635551957,-0.023000240325927734
2025-09-24,-0.002846617843333288,-0.007411505401673013,0.026999950408935547
2025-09-25,-0.0050090613431266195,0.0006314392113087042,0.02500009536743164
2025-09-26,0.005901836747171263,0.005844394571044242,0.014999866485595703
2025-09-29,0.00263554421636214,0.004863826524502901,-0.046000003814697266
2025-09-30,0.0040908483833717035,0.004878591726290349,0.006999969482421875
2025-10-01,0.003399920834961989,-0.015669436955006555,-0.04199981689453125
2025-10-02,0.0006183547238911569,0.004692251952944648,-0.018000125885009766
2025-10-03,6.551280273581206e-05,-0.003791027585383855,0.031000137329101562
2025-10-06,0.0036465919796933033,-0.02549411665505208,0.043000221252441406
2025-10-07,-0.0038114057910215715,-0.003119674344825407,-0.03500032424926758
2025-10-08,0.0058276636405680815,0.01117329924064725,0.0020003318786621094
2025-10-09,-0.002755570407195318,-0.0011373236877233461,0.018999576568603516
2025-10-10,-0.02711167321141361,-0.004116766731473986,-0.0969996452331543
2025-10-13,0.015598671787557583,0.007861458980812586,0.0
2025-10-14,-0.0015643266604626893,-0.004250444231700401,-0.029000282287597656
2025-10-15,0.004026001159503689,0.01401512320547127,0.024000167846679688
2025-10-16,-0.006294387099829435,0.014715375484577464,-0.06999993324279785
2025-10-17,0.0052707155502571545,-0.012801061143471015,0.03099989891052246
2025-10-20,0.010672270853256949,-0.00115914749705881,-0.020999908447265625
2025-10-21,3.2696450934288634e-05,-0.014570067294894185,-0.023000001907348633
2025-10-22,-0.005337539220865439,0.008793561265368899,-0.009999990463256836
2025-10-23,0.0058273934429324825,0.003323372772261912,0.037999868392944336
2025-10-24,0.00790242258787388,-0.005957556899990002,0.006000041961669922
2025-10-27,0.012290050865671143,0.011690355578028777,0.0
2025-10-28,0.0022879438603986557,0.015113691465971302,-0.01399993896484375
2025-10-29,-4.3578255173426506e-05,0.008879865679504828,0.07500004768371582
2025-10-30,-0.00990481243951924,-0.007308150715887529,0.034999847412109375
2025-10-31,0.0026179217059763005,-0.0019189053481645235,0.007999897003173828
2025-11-03,0.0017207127269924793,-0.0018367145002368135,0.005000114440917969
2025-11-04,-0.011736830084583816,-0.004200220507056485,-0.01699972152709961
2025-11-05,0.0036535556982648654,0.0158321795974925,0.06799983978271484
2025-11-06,-0.011178189042419073,-0.004502955611618953,-0.06400012969970703
2025-11-07,0.0012618418007710464,0.0044855573411795024,0.0
2025-11-10,0.01540101862170995,-0.004451473959814156,0.017000198364257812
2025-11-11,0.002075350517340535,0.019451256610067302,0.009999752044677734
2025-11-12,0.0006295171887717999,-0.017577535133237676,-0.05499982833862305
2025-11-13,-0.01655685496159698,-0.010463868368601026,0.04699993133544922
2025-11-14,-0.0005017255648851471,-0.0032114871888161423,0.03599977493286133
2025-11-17,-0.00916226617680782,0.0,-0.014999866485595703
2025-11-18,-0.008256436690967983,-0.005522016022808551,-0.009999752044677734
2025-11-19,0.0037538357962292324,0.0015508552138738807,0.009999752044677734
2025-11-20,-0.015567283563270418,-0.006578333048505303,-0.026999950408935547
2025-11-21,0.009823035415319481,0.0033252933019536357,-0.0429997444152832
2025-11-24,0.015467217001293498,0.010429352307216533,-0.02500009536743164
2025-11-25,0.009061696817220577,0.011067183946207537,-0.03600025177001953
2025-11-26,0.006906711511012631,0.0004453458882933692,-0.003999948501586914
2025-11-27,0.0,-0.00866472136672869,0.0
2025-11-28,0.005354773163420257,0.014387984037982582,0.01900029182434082
2025-12-01,-0.005323329342915684,-0.0007178404763998891,0.07899999618530273
2025-12-02,0.002457235261999813,0.004240372647786206,-0.010000228881835938
2025-12-03,0.0029797912994984355,-0.0034968009697102787,-0.028999805450439453
2025-12-04,0.0010803218396737702,0.0018462687515987675,0.05099964141845703
2025-12-05,0.001936641757662061,-0.005282262207770949,0.031000137329101562
2025-12-08,-0.003477255626794018,0.002361994829534586,0.03299999237060547
2025-12-09,-0.0008763589340257116,0.0026237200525751625,0.01399993896484375
2025-12-10,0.00674955693920154,-0.004478886641704594,-0.021999835968017578
2025-12-11,0.002079350841514227,0.02054382957573697,-0.023000240325927734
2025-12-12,-0.010663649289958,0.0,0.05299997329711914
2025-12-15,-0.0015965630269072495,-0.005963495749500947,-0.01199960708618164
2025-12-16,-0.0023839179519623555,-0.017027117114398194,-0.03299999237060547
2025-12-17,-0.011592143912241393,-0.011115021631727395,0.0019998550415039062
2025-12-18,0.007934262269941872,0.020459002686481487,-0.034999847412109375
2025-12-19,0.008818059450332205,0.0025022231848643717,0.034999847412109375
2025-12-22,0.006436496360377575,0.01268153057726873,0.018000125885009766
2025-12-23,0.004550388765703239,0.012615769174781244,0.0
2025-12-24,0.0032214822012188726,0.0003205016738501154,-0.03299999237060547
2025-12-26,-0.00030436354912266594,0.00030373014190065994,0.0
2025-12-29,-0.00349205148036813,-0.004407332349852799,-0.019999980926513672
2025-12-30,-0.0013756671519022934,-0.015002643337390986,0.01399993896484375
2025-12-31,-0.007357666300846111,-0.0009074592445931229,0.03299999237060547
2026-01-02,0.0018947067188299638,-0.0025957724880187882,0.023999691009521484
2026-01-05,0.006354126864826393,0.013610745504253563,-0.021999835968017578
2026-01-06,0.006196712678341321,0.00012100689997684988,0.01399993896484375
2026-01-07,-0.003439923431013958,-0.0023151934857863488,-0.0409998893737793
2026-01-08,7.65482590914246e-05,0.010009179778234234,0.04500007629394531
2026-01-09,0.006475487031883276,0.00826613409260002,-0.012000083923339844
2026-01-12,0.001577633215136931,0.010338557819493,0.015999794006347656
2026-01-13,-0.0019391230550597216,-0.006115570804165693,-0.015999794006347656
2026-01-14,-0.005333360445499591,0.016064179461300565,-0.031000137329101562
2026-01-15,0.0025799262171273263,-0.011183419154865204,0.019999980926513672
2026-01-16,-0.0006423023039563436,0.007379346270144582,0.0710000991821289
2026-01-19,0.0,0.0048660342455058014,0.0
2026-01-20,-0.02062675805627745,0.0031950417102784012,0.06400012969970703
2026-01-21,0.011587741323274559,0.005211766689871444,-0.04200029373168945
2026-01-22,0.005487502192628835,0.004583501987971639,-0.0039997100830078125
2026-01-23,0.0003268698377891788,-0.002236029984885479,-0.010000228881835938
2026-01-26,0.005006083031276365,0.007491483253654341,-0.026000022888183594
2026-01-27,0.004081896177137168,0.002497733777920619,0.010000228881835938
2026-01-28,-8.172305219089626e-05,0.015710264284332087,0.0279998779296875
2026-01-29,-0.001292631274007694,-0.006679512599045534,-0.023999691009521484
2026-01-30,-0.004301899620894223,-0.02724723500120463,0.01399993896484375
2026-02-02,0.00539126612916796,0.0,0.03399991989135742
2026-02-03,-0.008403983020698336,0.03159974047305192,-0.0009999275207519531
2026-02-04,-0.005072391906223106,-0.01440272603182935,0.0009999275207519531
2026-02-05,-0.012251015567674717,0.0018564305791353153,-0.06500005722045898
2026-02-06,0.0196957966973359,0.028337754400455717,-0.004000186920166016
2026-02-09,0.004691086716887227,0.009884014398212626,-0.007999897003173828
2026-02-10,-0.003303712975458173,-0.0033267017800312493,-0.051000118255615234
2026-02-11,-4.895607156218951e-05,0.004627218078739226,0.02500009536743164
2026-02-12,-0.01566101212770199,-0.009962277030166944,-0.06799983978271484
2026-02-13,0.0004990891480125548,0.008333894480832438,-0.04799985885620117
2026-02-16,0.0,-0.0017560929331331687,0.0
2026-02-17,0.0010313220779065713,-0.002769340630211392,-0.004000186920166016
2026-02-18,0.005566070147410729,-0.003801084066540672,0.026999950408935547
2026-02-19,-0.0028221256867719813,-0.0005581205884336304,-0.004000186920166016
2026-02-20,0.006939724763506794,0.008340534286461532,0.01100015640258789
2026-02-23,-0.010385652247284827,-0.01123757337969733,-0.057000160217285156
2026-02-24,0.0076516140863223114,0.004262081159608133,0.004000186920166016
2026-02-25,0.008136355657339944,0.0029538560762814026,0.014999866485595703
2026-02-26,-0.005365580569328343,0.0034542447095622375,-0.03099966049194336
2026-02-27,-0.00433935281103115,0.00021952448108342182,-0.05500030517578125
2026-03-02,0.0003983547353176853,-0.011497997962568451,0.08599996566772461
2026-03-03,-0.009444031095625416,-0.03043847555598056,0.008000373840332031
2026-03-04,0.007756049264286302,0.02910406707153701,0.023999691009521484
2026-03-05,-0.005646704863891072,-0.02908798298972759,0.06599998474121094
2026-03-06,-0.013276795812569242,-0.015588342892815632,-0.013000011444091797
2026-03-09,0.008304161513105202,-0.006287394987632533,0.0030002593994140625
2026-03-10,-0.0021351198877325173,0.0075895049670313686,0.0
2026-03-11,-0.0008376012017449197,0.002401316064011505,0.07200002670288086
2026-03-12,-0.015227676506708532,-0.021817251665538828,0.06499958038330078
2026-03-13,-0.006059115470564369,-0.006611195859928309,0.012000083923339844
2026-03-16,0.010130883162251969,0.0,-0.06500005722045898
2026-03-17,0.0024942548757938,0.008347673347566253,-0.017999649047851562
2026-03-18,-0.013607567880073446,-0.006309890258775708,0.05699968338012695
2026-03-19,-0.002748797741878972,-0.008814760454032955,0.02200031280517578
2026-03-20,-0.015138182356779217,-0.016326837754805812,0.1099996566772461
2026-03-23,0.011453200463990454,0.0036805356678006884,-0.05699968338012695
2026-03-24,-0.0037425745042546366,0.021814054682931294,0.05800008773803711
2026-03-25,0.005419124381509377,0.036677396879377655,-0.06400012969970703
2026-03-26,-0.017406172392416708,-0.016517046892574494,0.08799982070922852
2026-03-27,-0.01672184352107431,-0.0056006324433366395,0.024000167846679688
2026-03-30,-0.003945748828622642,0.0060265163909507535,-0.09800004959106445
2026-03-31,0.02913114047102594,0.02270281248245931,-0.031000137329101562
2026-04-01,0.007168516684867399,0.01590574632334696,0.007999897003173828
2026-04-02,0.0011208758485563575,0.0,-0.005999565124511719
2026-04-06,0.0044267825126402816,-0.010263556059336931,0.021999835968017578
2026-04-07,0.0007592481161695641,-0.006630473815749438,0.007999897003173828
2026-04-08,0.025081414644149813,0.024698064466115,-0.05200004577636719
2026-04-09,0.006170023529293189,0.001316254254796645,0.0020003318786621094
2026-04-10,-0.0011385210916523558,-0.0041356785214932135,0.023999691009521484
2026-04-13,0.010173274948748201,-0.006115925102705644,-0.019999980926513672
2026-04-14,0.011782866364792755,-0.009392494109625393,-0.0409998893737793
2026-04-15,0.007975783355387733,0.010055632569615502,0.026000022888183594
2026-04-16,0.0026099558353673835,-0.007750265531860867,0.026999950408935547
2026-04-17,0.012040463669150903,0.010578389385179854,-0.06300020217895508
2026-04-20,-0.002374372617670484,0.003691881150897469,0.004000186920166016
2026-04-21,-0.006348217959672997,-0.018186171740787294,0.04199981689453125
2026-04-22,0.010460084168953943,0.00040328925990285036,0.0020003318786621094
2026-04-23,-0.004132868267081369,-0.002989175276803424,0.028999805450439453
2026-04-24,0.007973689797975636,0.008733733813496736,-0.013000011444091797
2026-04-27,0.0012323767534654362,-0.01788520965722329,0.026000022888183594
2026-04-28,-0.004894172187521972,-0.010634581872825288,0.018000125885009766
2026-04-29,-0.0003991720531409948,-0.0025602554285951706,0.06400012969970703
2026-04-30,0.010238239941821936,0.011342243932064733,-0.028000354766845703
2026-05-01,0.002928328889657106,0.0,-0.012000083923339844
2026-05-04,-0.004062189384334225,-0.008466082021350574,0.06800031661987305
2026-05-05,0.008120017337603702,0.019424773936721484,-0.03000020980834961
2026-05-06,0.014588330317794274,0.018437756738837408,-0.059999942779541016
2026-05-07,-0.003803095327784889,0.0023509559782626255,0.03600025177001953
2026-05-08,0.008425703533400997,-0.0023404210213903154,-0.028000354766845703
2026-05-11,0.0018799566475542484,0.005593236223753628,0.046000003814697266
2026-05-12,-0.0016026088601545085,-0.002984365501473296,0.05299997329711914
2026-05-13,0.005849246488426552,0.0021531135704382365,0.018000125885009766
2026-05-14,0.007655604577358366,-0.013971180301322605,-0.019999980926513672
2026-05-15,-0.012363320128051747,-0.01777788665026736,0.13399982452392578
2026-05-18,-0.0007356678561787344,0.006306637220215849,0.028000354766845703
2026-05-19,-0.006678320788135905,0.00219909715383948,0.043999671936035156
2026-05-20,0.010792026370445518,0.004934632810191353,-0.09499979019165039
2026-05-21,0.0017153304306989359,-0.007395766794130898,0.01399993896484375
2026-05-22,0.0037269732409066503,-0.0007448701069916464,-0.0279998779296875
2026-05-25,0.0,-0.0010580009521322653,0.0
2026-05-26,0.006108260424063872,0.0137178781403684,-0.06500005722045898
2026-05-27,0.00016487914469087706,0.011904771313208773,-0.012000083923339844
2026-05-28,0.005753716619668614,-0.01649597282436055,-0.026000022888183594
2026-05-29,0.002172260678511728,-0.004044636321930084,-0.0019998550415039062
2026-06-01,0.0026252961308912415,-0.0065713044798570985,0.021999835968017578
2026-06-02,0.0012920889411551784,0.011055616324639805,-0.019999980926513672
2026-06-03,-0.007372041104846239,-0.008774930080215793,0.03600025177001953
2026-06-04,0.004054961568363158,-0.013086652666840948,-0.01399993896484375
2026-06-05,-0.026445361894386843,-0.01856008439405532,0.05899953842163086
2026-06-08,0.0029781310549599205,-0.006702025738660966,0.01600027084350586
2026-06-09,-0.0025763939780845124,-0.0043931420678180455,-0.024000167846679688
2026-06-10,-0.016199450298948426,-0.008987551797340121,0.01399993896484375
2026-06-11,0.017518885564244746,0.033251835626767035,-0.07899999618530273
2026-06-12,0.0050255138730570525,0.014594552098188496,0.024000167846679688
2026-06-15,0.016528391294663436,0.0037238816111229145,-0.018000125885009766
2026-06-16,-0.005684179609759754,0.0040367339005125125,-0.0409998893737793
2026-06-17,-0.012148282108228825,-0.0026022677181450904,0.034999847412109375
2026-06-18,0.010846212235623431,-0.000580006530935262,-0.01199960708618164
2026-06-19,0.0,-0.008199535496605903,0.0
2026-06-22,-0.003705051979052687,-0.008568144581410753,0.057999610900878906
2026-06-23,-0.014362785193208105,-0.004124169448604276,-0.015999794006347656
2026-06-24,-0.0009829319733113406,-0.008532947323223516,-0.09100008010864258
2026-06-25,-9.92061187945481e-05,0.017173282285731784,-0.009999752044677734
2026-06-26,-0.00047165741757115853,-0.002821441798825264,-0.019999980926513672
2026-06-29,0.011750057250389023,0.006167046817004529,0.0019998550415039062
2026-06-30,0.007920198981480553,-0.009963160066140064,0.04400014877319336
2026-07-01,-0.0021508346187620875,0.004197749930439976,0.05699968338012695
2026-07-02,1.3702513856905796e-06,-0.002627293625011129,0.010000228881835938
2026-07-03,0.0,-0.000158297478585534,0.0
2026-07-06,0.00724150765029874,0.006053769317184932,-0.006000041961669922
2026-07-07,-0.0044551096782159405,-0.011735576484936283,0.04999971389770508
2026-07-08,-0.002817238676629863,-0.0009758198679643559,0.039999961853027344
2026-07-09,0.008142795337428232,-0.007541841845810193,-0.029999732971191406
2026-07-10,0.004208843399813977,0.005881656379568723,0.029999732971191406
2026-07-13,-0.007927023147980106,-0.007865475196442984,0.04000043869018555
2026-07-14,0.0037589783811964317,0.00820363041079486,-0.024000167846679688
2026-07-15,0.003819144358387927,-0.001722726434518873,-0.039999961853027344
2026-07-16,-0.005101405539945647,-0.0006568882135805643,0.023999691009521484
2026-07-17,-0.010098540030789804,0.0041915187706480506,-0.0279998779296875
2026-07-20,-0.0019322546744660052,-0.007675414556215898,0.057000160217285156
2026-07-21,0.008856366018608064,0.008938626957709861,0.029999732971191406
2026-07-22,-0.0013636917526039793,0.008843743742219967,0.029000282287597656
2026-07-23,-0.012089697334330851,-0.015419929912047659,0.046000003814697266
2026-07-24,0.0004967638835191579,0.0017693837892236441,-0.024000167846679688
2026-07-27,0.0001619264104413265,0.011669334453093594,-0.03800010681152344
2026-07-28,0.002104307328987254,0.0022280744123108764,-0.03699970245361328
2026-07-29,-0.015161289750108109,-0.01229651906796747,0.018000125885009766
2026-07-30,0.016604359135647728,0.012191774157269908,0.0409998893737793
2026-07-31,0.00700361981598796,-0.005251956567447702,0.0819997787475586
2026-08-03,0.01479091100582064,-0.0035820766614125255,-0.05900001525878906
2026-08-04,0.01789619360979544,0.0020381284639399144,-0.05900001525878906
2026-08-05,-0.0016764921193257454,-0.0046081403270551435,-0.009999752044677734
2026-08-06,-0.0017595333873230423,-0.0019395851406357467,0.05299997329711914
2026-08-07,0.006184231308959065,0.008170537000510736,-0.010000228881835938
2026-08-10,-0.0005839757139619595,-0.007470460937523682,0.03900003433227539
2026-08-11,-0.003212861472107087,-0.013152303031771173,-0.014999866485595703
2026-08-12,0.0026267182752088836,0.0029163676322394583,-0.0019998550415039062
2026-08-13,0.0065161301380911585,-0.014136787012205665,-0.0410003662109375
2026-08-14,-0.0016964335577297485,-0.006616771381446895,0.05500030517578125
2026-08-17,-0.005227454770816764,-0.002212335297878787,0.0279998779296875
2026-08-18,-0.006881843725615733,-0.005000220374454245,-0.018000125885009766
2026-08-19,0.002108778138942835,0.0010255987267080435,-0.05299997329711914
2026-08-20,-0.008668915122777232,0.00547723603501038,0.043000221252441406
2026-08-21,0.004346193543703691,0.02143563600047571,0.04199981689453125
2026-08-24,-0.0028028689752760405,0.0006339935352628334,-0.03399991989135742
2026-08-25,0.003190953749482306,0.00793997245882938,-0.06500005722045898
2026-08-26,-0.00020574863596922732,-0.0015380331159706717,0.02500009536743164
2026-08-27,0.0072032567265023495,-0.0054559111625405166,0.007999897003173828
2026-08-28,-0.0024874522107780628,-0.005250742413250409,0.04799985885620117
